title,company_name,link
https://www.wanted.co.kr/wd/269408,파이오링크,신입,합격보상금 100만원
https://www.wanted.co.kr/wd/378191,동아사이언스,경력 6-10년,합격보상금 100만원
https://www.wanted.co.kr/wd/269402,파이오링크,경력 3-10년,합격보상금 100만원
https://www.wanted.co.kr/wd/374573,엔코위더스,경력 4-6년,합격보상금 100만원
https://www.wanted.co.kr/wd/375597,이든크루,경력 3-10년,합격보상금 100만원
https://www.wanted.co.kr/wd/262121,엘리스,경력 5-10년,합격보상금 100만원
https://www.wanted.co.kr/wd/306998,도도랩스,경력 2-5년,합격보상금 100만원
https://www.wanted.co.kr/wd/345413,스쿨버스,신입 · 계약직,합격보상금 20만원
https://www.wanted.co.kr/wd/269408,파이오링크,신입,합격보상금 100만원
https://www.wanted.co.kr/wd/378191,동아사이언스,경력 6-10년,합격보상금 100만원
https://www.wanted.co.kr/wd/269402,파이오링크,경력 3-10년,합격보상금 100만원
https://www.wanted.co.kr/wd/374573,엔코위더스,경력 4-6년,합격보상금 100만원
https://www.wanted.co.kr/wd/375597,이든크루,경력 3-10년,합격보상금 100만원
https://www.wanted.co.kr/wd/262121,엘리스,경력 5-10년,합격보상금 100만원
https://www.wanted.co.kr/wd/306998,도도랩스,경력 2-5년,합격보상금 100만원
https://www.wanted.co.kr/wd/345413,스쿨버스,신입 · 계약직,합격보상금 20만원
https://www.wanted.co.kr/wd/358244,유모스원,경력 3년 이상,합격보상금 100만원
https://www.wanted.co.kr/wd/372075,만월회,경력 1-3년,합격보상금 100만원
https://www.wanted.co.kr/wd/323168,쿠팡,경력 5년 이상,합격보상금 100만원
https://www.wanted.co.kr/wd/362688,프리그로우,경력 3-10년,합격보상금 100만원
https://www.wanted.co.kr/wd/361377,제네시스네스트,경력 1-8년,합격보상금 100만원
https://www.wanted.co.kr/wd/370109,띵킹프렌즈,경력 1-5년,합격보상금 100만원
https://www.wanted.co.kr/wd/362651,중고나라,경력 3-7년,합격보상금 100만원
https://www.wanted.co.kr/wd/330372,위버스마인드,경력 3년 이상,합격보상금 100만원
https://www.wanted.co.kr/wd/365946,폴라리스쓰리디(Polaris3D),경력 6-13년,합격보상금 100만원
https://www.wanted.co.kr/wd/365948,폴라리스쓰리디(Polaris3D),경력 6-13년,합격보상금 100만원
https://www.wanted.co.kr/wd/361810,이지케어텍,경력 1-5년,합격보상금 100만원
https://www.wanted.co.kr/wd/377326,바딧,경력 5년 이상,합격보상금 100만원
https://www.wanted.co.kr/wd/262596,메이크스타,신입,합격보상금 100만원
https://www.wanted.co.kr/wd/339685,휴라이트,경력 1-3년,합격보상금 100만원
https://www.wanted.co.kr/wd/264329,폴센트,경력 5-20년,합격보상금 100만원
https://www.wanted.co.kr/wd/331639,에이듀,경력 4-7년,합격보상금 100만원
https://www.wanted.co.kr/wd/372978,넛지헬스케어(캐시워크),신입,합격보상금 100만원
https://www.wanted.co.kr/wd/354931,마임하임,경력 3-7년,합격보상금 100만원
https://www.wanted.co.kr/wd/223579,개념원리,경력 3-10년,합격보상금 100만원
https://www.wanted.co.kr/wd/376425,메이저맵,경력 2-5년,합격보상금 100만원
https://www.wanted.co.kr/wd/372136,아르템코퍼레이션,경력 3년 이상,합격보상금 100만원
https://www.wanted.co.kr/wd/324426,42테이프,경력 4-9년,합격보상금 100만원
https://www.wanted.co.kr/wd/376695,미소(miso),경력 7년 이상,합격보상금 100만원
https://www.wanted.co.kr/wd/366712,케어랩스,경력 5-11년,합격보상금 100만원
https://www.wanted.co.kr/wd/363733,크래프톤(Krafton),경력 7-10년 · 계약직,합격보상금 20만원
https://www.wanted.co.kr/wd/376473,아이리스코퍼레이션,경력 3-7년 · 계약직,합격보상금 20만원
https://www.wanted.co.kr/wd/376490,넥스트그라운드,경력 1-2년,합격보상금 100만원
https://www.wanted.co.kr/wd/375367,아이리스코퍼레이션,경력 3-7년,합격보상금 100만원
https://www.wanted.co.kr/wd/376862,넥스트그라운드,신입 · 인턴,합격보상금 100만원
https://www.wanted.co.kr/wd/337256,미리비트,경력 5-11년,합격보상금 100만원
https://www.wanted.co.kr/wd/362223,레시피그룹,경력 15-26년,합격보상금 100만원
https://www.wanted.co.kr/wd/377406,데이바이미,경력 1-5년,합격보상금 100만원
https://www.wanted.co.kr/wd/372635,지본코스메틱,경력 1-5년,합격보상금 100만원
https://www.wanted.co.kr/wd/330723,네오랩컨버전스(NeoLab),경력 5년 이상,합격보상금 100만원
https://www.wanted.co.kr/wd/288127,인티그레이션(메디스트림),경력 3-10년,합격보상금 100만원
https://www.wanted.co.kr/wd/378868,리브리티 (Libryty),경력 3년 이상,합격보상금 100만원
https://www.wanted.co.kr/wd/373030,넛지헬스케어(캐시워크),신입,합격보상금 100만원
https://www.wanted.co.kr/wd/374043,백패커,경력 3-8년,합격보상금 100만원
https://www.wanted.co.kr/wd/373350,빗썸,경력 3년 이상,
https://www.wanted.co.kr/wd/378573,비마이프렌즈,경력 2-7년,합격보상금 100만원
https://www.wanted.co.kr/wd/350003,백패커,경력 1-3년,합격보상금 100만원
https://www.wanted.co.kr/wd/225696,크림(KREAM),경력 3-10년,합격보상금 100만원
https://www.wanted.co.kr/wd/364097,제제미미,경력 5-12년,합격보상금 100만원
https://www.wanted.co.kr/wd/375303,큐피스트(글램),경력 5년 이상,합격보상금 100만원
https://www.wanted.co.kr/wd/372637,지본코스메틱,경력 1년 이상,합격보상금 100만원
https://www.wanted.co.kr/wd/377103,브이바디,신입-경력 5년,합격보상금 100만원
https://www.wanted.co.kr/wd/325058,애쉬코어테크놀로지스,경력 10년 이상,합격보상금 100만원
https://www.wanted.co.kr/wd/334112,캐노피,경력 1-3년,합격보상금 100만원
https://www.wanted.co.kr/wd/375390,스트레인져,경력 3-8년,합격보상금 100만원
https://www.wanted.co.kr/wd/364098,제제미미,경력 5-12년,합격보상금 100만원
https://www.wanted.co.kr/wd/375689,블리몽키즈,경력 3-7년,합격보상금 100만원
https://www.wanted.co.kr/wd/152897,온더플래닛,경력 1-7년,합격보상금 100만원
https://www.wanted.co.kr/wd/365869,백패커,경력 1-3년,합격보상금 100만원
https://www.wanted.co.kr/wd/377626,피에프씨테크놀로지스,경력 3-8년,합격보상금 100만원
https://www.wanted.co.kr/wd/358984,아임웹,경력 6-13년,합격보상금 100만원
https://www.wanted.co.kr/wd/347683,스캐터랩(Scatterlab),경력 3년 이상,합격보상금 100만원
https://www.wanted.co.kr/wd/373188,한차오,경력 10년 이상,합격보상금 100만원
https://www.wanted.co.kr/wd/281342,힐링페이퍼(강남언니),경력 3년 이상,합격보상금 100만원
https://www.wanted.co.kr/wd/369980,캐스트이즈,신입 · 계약직,합격보상금 20만원
https://www.wanted.co.kr/wd/378492,빗썸,경력 3-8년,
https://www.wanted.co.kr/wd/130049,넛지헬스케어(캐시워크),신입,합격보상금 100만원
https://www.wanted.co.kr/wd/354617,구십구도씨,경력 1-10년,합격보상금 100만원
https://www.wanted.co.kr/wd/362466,알엠사이언스,신입 이상,합격보상금 100만원
https://www.wanted.co.kr/wd/288390,지엠엘에스,신입,합격보상금 100만원
https://www.wanted.co.kr/wd/346219,트립비토즈(tripbtoz),경력 2-5년,합격보상금 100만원
https://www.wanted.co.kr/wd/377055,플링키,신입 · 인턴,합격보상금 100만원
https://www.wanted.co.kr/wd/367535,컬리,경력 5-7년,합격보상금 100만원
https://www.wanted.co.kr/wd/365361,에스컴퍼니,경력 2-10년,합격보상금 100만원
https://www.wanted.co.kr/wd/82181,보이저엑스(VoyagerX),신입-경력 35년,합격보상금 100만원
https://www.wanted.co.kr/wd/283871,페이타랩(패스오더),신입-경력 10년,합격보상금 100만원
https://www.wanted.co.kr/wd/134887,넛지헬스케어(캐시워크),신입,합격보상금 100만원
https://www.wanted.co.kr/wd/325713,페이타랩(패스오더),신입-경력 10년,합격보상금 100만원
https://www.wanted.co.kr/wd/375244,제트오더코리아,경력 1-6년,합격보상금 100만원
https://www.wanted.co.kr/wd/376377,퍼플아카데미,신입-경력 3년,합격보상금 100만원
https://www.wanted.co.kr/wd/340125,라이너(Liner),경력 5-20년,합격보상금 100만원
https://www.wanted.co.kr/wd/356956,알엑스,경력 3년 이상,합격보상금 100만원
https://www.wanted.co.kr/wd/356956,알엑스,경력 3년 이상,합격보상금 100만원
https://www.wanted.co.kr/wd/227240,스위치컴퍼니,경력 3년 이상,합격보상금 100만원
https://www.wanted.co.kr/wd/141700,라이트뷰,경력 5-10년,합격보상금 100만원
https://www.wanted.co.kr/wd/378169,대라,경력 1-10년,합격보상금 100만원
https://www.wanted.co.kr/wd/360040,이지식스(MVL),경력 3-8년,합격보상금 100만원
https://www.wanted.co.kr/wd/135520,코딧(CODITCorp.),경력 2-4년,합격보상금 100만원
https://www.wanted.co.kr/wd/310250,토스플레이스,경력 3년 이상,합격보상금 100만원
https://www.wanted.co.kr/wd/315964,야나두,경력 2-7년,합격보상금 100만원
https://www.wanted.co.kr/wd/337440,씨제이올리브영(CJ올리브영),경력 5년 이상,합격보상금 100만원
https://www.wanted.co.kr/wd/353357,위버스컴퍼니(WEVERSE COMPANY),신입-경력 10년,합격보상금 100만원
https://www.wanted.co.kr/wd/283078,뱅크샐러드,경력 1년 이상,합격보상금 100만원
https://www.wanted.co.kr/wd/377240,플링키,경력 3-8년 · 계약직,합격보상금 20만원
https://www.wanted.co.kr/wd/363773,다온더케어,경력 3-5년,합격보상금 100만원
https://www.wanted.co.kr/wd/369643,구십구도씨,경력 7년 이상,합격보상금 100만원
https://www.wanted.co.kr/wd/354513,카고컨테이너,경력 1-5년,합격보상금 100만원
https://www.wanted.co.kr/wd/376837,에스디바이오센서,경력 5-10년,합격보상금 100만원
https://www.wanted.co.kr/wd/354478,비모소프트,신입 · 인턴,합격보상금 100만원
https://www.wanted.co.kr/wd/262642,엠피에이지(MPAG),경력 5-15년,합격보상금 100만원
https://www.wanted.co.kr/wd/325714,페이타랩(패스오더),신입-경력 10년,합격보상금 100만원
https://www.wanted.co.kr/wd/358560,제노레이,경력 3-15년,합격보상금 100만원
https://www.wanted.co.kr/wd/251989,긴트,신입 이상,합격보상금 100만원
https://www.wanted.co.kr/wd/376847,에스디바이오센서,경력 3-10년,합격보상금 100만원
https://www.wanted.co.kr/wd/367538,디비아이엔씨(DB Inc),경력 7-10년,합격보상금 100만원
https://www.wanted.co.kr/wd/370885,위버케어,신입 · 인턴,합격보상금 100만원
https://www.wanted.co.kr/wd/367283,케이티밀리의서재,경력 5년 이상,합격보상금 100만원
https://www.wanted.co.kr/wd/354506,구십구도씨,신입 · 인턴,합격보상금 100만원
https://www.wanted.co.kr/wd/371047,벳칭,경력 5-10년,합격보상금 100만원
https://www.wanted.co.kr/wd/331333,컬리,경력 2-4년,합격보상금 100만원
https://www.wanted.co.kr/wd/338979,이루다마케팅,경력 1년 이상,합격보상금 100만원
https://www.wanted.co.kr/wd/371009,긴트,경력 5-7년,합격보상금 100만원
https://www.wanted.co.kr/wd/304642,플루이즈,경력 1-35년,합격보상금 100만원
https://www.wanted.co.kr/wd/354883,스펙터,경력 3-8년,합격보상금 100만원
https://www.wanted.co.kr/wd/222071,채널코퍼레이션,신입-경력 10년,합격보상금 100만원
https://www.wanted.co.kr/wd/367399,플루이즈,경력 1-5년,합격보상금 100만원
https://www.wanted.co.kr/wd/168257,넛지헬스케어(캐시워크),신입,합격보상금 100만원
https://www.wanted.co.kr/wd/146950,잘함,경력 2-3년,합격보상금 100만원
https://www.wanted.co.kr/wd/222071,채널코퍼레이션,신입-경력 10년,합격보상금 100만원
https://www.wanted.co.kr/wd/355442,비모소프트,신입 · 인턴,합격보상금 100만원
https://www.wanted.co.kr/wd/360601,스펙터,경력 5-11년,합격보상금 100만원
https://www.wanted.co.kr/wd/367538,디비아이엔씨(DB Inc),경력 7-10년,합격보상금 100만원
https://www.wanted.co.kr/wd/371206,굿닥(goodoc),경력 5-11년,합격보상금 100만원
https://www.wanted.co.kr/wd/368196,스펙터,경력 5-11년,합격보상금 100만원
https://www.wanted.co.kr/wd/374940,플다,신입 · 인턴,합격보상금 100만원
https://www.wanted.co.kr/wd/344826,소리,경력 5년 이상,합격보상금 100만원
https://www.wanted.co.kr/wd/371508,긴트,경력 3-7년,합격보상금 100만원
https://www.wanted.co.kr/wd/355034,퍼스트해빗,경력 5년 이상,합격보상금 100만원
https://www.wanted.co.kr/wd/371518,긴트,경력 7-10년,합격보상금 100만원
https://www.wanted.co.kr/wd/374137,샵라이브,경력 7-14년,합격보상금 100만원
https://www.wanted.co.kr/wd/371508,긴트,경력 3-7년,합격보상금 100만원
https://www.wanted.co.kr/wd/355034,퍼스트해빗,경력 5년 이상,합격보상금 100만원
https://www.wanted.co.kr/wd/371518,긴트,경력 7-10년,합격보상금 100만원
https://www.wanted.co.kr/wd/82178,보이저엑스(VoyagerX),신입-경력 35년,합격보상금 100만원
https://www.wanted.co.kr/wd/372618,헤렌,경력 2-15년,합격보상금 100만원
https://www.wanted.co.kr/wd/283868,페이타랩(패스오더),신입-경력 10년,합격보상금 100만원
https://www.wanted.co.kr/wd/361137,스펙터,경력 7-12년,합격보상금 100만원
https://www.wanted.co.kr/wd/350841,스펙터,경력 3-8년,합격보상금 100만원
https://www.wanted.co.kr/wd/322195,니어스랩,경력 5년 이상,합격보상금 100만원
https://www.wanted.co.kr/wd/374999,와이케이랩스,경력 1-7년,합격보상금 100만원
https://www.wanted.co.kr/wd/331307,슈퍼컴퍼니,경력 1년 이상,합격보상금 100만원
https://www.wanted.co.kr/wd/376159,디깅미인터내셔널,신입 · 인턴,합격보상금 100만원
https://www.wanted.co.kr/wd/378247,더스크랙,경력 1년 이상,합격보상금 100만원
https://www.wanted.co.kr/wd/372618,헤렌,경력 2-15년,합격보상금 100만원
https://www.wanted.co.kr/wd/82178,보이저엑스(VoyagerX),신입-경력 35년,합격보상금 100만원
https://www.wanted.co.kr/wd/321745,버즈빌(buzzvil),경력 1-10년,합격보상금 100만원
https://www.wanted.co.kr/wd/370872,호패,경력 1-5년,합격보상금 100만원
https://www.wanted.co.kr/wd/370369,더에쓰씨,경력 5-11년,합격보상금 100만원
https://www.wanted.co.kr/wd/283868,페이타랩(패스오더),신입-경력 10년,합격보상금 100만원
https://www.wanted.co.kr/wd/340321,낭만상회,경력 2-5년,합격보상금 100만원
https://www.wanted.co.kr/wd/371044,스펙터,경력 3-5년,합격보상금 100만원
https://www.wanted.co.kr/wd/370097,씨제이올리브영(CJ올리브영),경력 5년 이상,합격보상금 100만원
https://www.wanted.co.kr/wd/286034,에제드,경력 2년 이상,합격보상금 100만원
https://www.wanted.co.kr/wd/337438,씨제이올리브영(CJ올리브영),경력 5년 이상,합격보상금 100만원
https://www.wanted.co.kr/wd/370097,씨제이올리브영(CJ올리브영),경력 5년 이상,합격보상금 100만원
https://www.wanted.co.kr/wd/286034,에제드,경력 2년 이상,합격보상금 100만원
https://www.wanted.co.kr/wd/337438,씨제이올리브영(CJ올리브영),경력 5년 이상,합격보상금 100만원
https://www.wanted.co.kr/wd/349762,크로스이엔에프,경력 7-14년,합격보상금 100만원
https://www.wanted.co.kr/wd/366237,하이어코퍼레이션,경력 2-10년,합격보상금 100만원
https://www.wanted.co.kr/wd/358562,제노레이,경력 5-15년,합격보상금 100만원
https://www.wanted.co.kr/wd/374318,크리에이팁,경력 1-5년,합격보상금 100만원
https://www.wanted.co.kr/wd/276525,화이트큐브,경력 3-5년,합격보상금 100만원
https://www.wanted.co.kr/wd/342387,메라키플레이스,경력 3-10년,합격보상금 100만원
https://www.wanted.co.kr/wd/293447,에이티씨아이,신입-경력 8년,합격보상금 100만원
https://www.wanted.co.kr/wd/378944,뤼튼테크놀로지스,경력 3년 이상,합격보상금 100만원
https://www.wanted.co.kr/wd/377860,스포카,경력 3-8년,합격보상금 100만원
https://www.wanted.co.kr/wd/349762,크로스이엔에프,경력 7-14년,합격보상금 100만원
https://www.wanted.co.kr/wd/293447,에이티씨아이,신입-경력 8년,합격보상금 100만원
https://www.wanted.co.kr/wd/376182,리라인유,신입,합격보상금 100만원
https://www.wanted.co.kr/wd/376514,퀀터라인,경력 3-20년,합격보상금 100만원
https://www.wanted.co.kr/wd/374964,로마,경력 2-10년,합격보상금 100만원
https://www.wanted.co.kr/wd/369268,문엑스코리아,경력 3년 이상,합격보상금 100만원
https://www.wanted.co.kr/wd/336520,백패커,경력 1-3년,합격보상금 100만원
https://www.wanted.co.kr/wd/322458,클레이디스코리아,경력 3년 이상,합격보상금 100만원
https://www.wanted.co.kr/wd/364789,블링크컴퍼니,경력 2-5년,합격보상금 100만원
https://www.wanted.co.kr/wd/377368,피엠인터내셔널코리아,경력 4-20년,합격보상금 100만원
https://www.wanted.co.kr/wd/354548,에비드넷,경력 1-5년,합격보상금 100만원
https://www.wanted.co.kr/wd/354388,GIGR,경력 3-10년,합격보상금 100만원
https://www.wanted.co.kr/wd/377860,스포카,경력 3-8년,합격보상금 100만원
https://www.wanted.co.kr/wd/372377,삼양식품,경력 5년 이상,합격보상금 100만원
https://www.wanted.co.kr/wd/374404,빗썸,경력 7-10년,
https://www.wanted.co.kr/wd/373627,다음,경력 3-10년,합격보상금 100만원
https://www.wanted.co.kr/wd/359767,에이티씨아이,신입-경력 4년,합격보상금 100만원
https://www.wanted.co.kr/wd/364268,와탭랩스(WhaTapLabs),경력 5-8년,합격보상금 100만원
https://www.wanted.co.kr/wd/377369,피엠인터내셔널코리아,경력 5-15년,합격보상금 100만원
https://www.wanted.co.kr/wd/371050,벳칭,신입-경력 3년,합격보상금 100만원
https://www.wanted.co.kr/wd/305423,엠에이치에스,경력 5년 이상,합격보상금 100만원
https://www.wanted.co.kr/wd/364566,스펙터,경력 5-10년,합격보상금 100만원
https://www.wanted.co.kr/wd/372642,지본코스메틱,경력 1년 이상,합격보상금 100만원
https://www.wanted.co.kr/wd/367953,에이베러,경력 3년 이상,합격보상금 100만원
https://www.wanted.co.kr/wd/347957,플라잎,경력 3-10년,합격보상금 100만원
https://www.wanted.co.kr/wd/377683,바인드,경력 3-7년,합격보상금 100만원
https://www.wanted.co.kr/wd/372684,디마프,경력 2-7년,합격보상금 100만원
https://www.wanted.co.kr/wd/377903,우주조인어스홀딩스,경력 3년 이상 · 계약직,합격보상금 20만원
https://www.wanted.co.kr/wd/376055,스펙터,경력 5-10년,합격보상금 100만원
https://www.wanted.co.kr/wd/360977,엘리지에,경력 1-5년,합격보상금 100만원
https://www.wanted.co.kr/wd/272821,마케티움,경력 6-9년,합격보상금 100만원
https://www.wanted.co.kr/wd/375602,와이케이랩스,경력 3-7년,합격보상금 100만원
https://www.wanted.co.kr/wd/366846,구십구도씨,신입-경력 6년,합격보상금 100만원
https://www.wanted.co.kr/wd/344034,뤼튼테크놀로지스,경력 3-10년,합격보상금 100만원
https://www.wanted.co.kr/wd/331303,페이타랩(패스오더),경력 2-10년,합격보상금 100만원
https://www.wanted.co.kr/wd/372355,테슬라(Tesla),경력 1-2년,합격보상금 50만원
https://www.wanted.co.kr/wd/327996,슈퍼컴퍼니,경력 1년 이상,합격보상금 100만원
https://www.wanted.co.kr/wd/363635,뤼튼테크놀로지스,경력 3년 이상,합격보상금 100만원
https://www.wanted.co.kr/wd/366944,뤼튼테크놀로지스,경력 3년 이상,합격보상금 100만원
https://www.wanted.co.kr/wd/375155,에비드넷,경력 3-8년,합격보상금 100만원
https://www.wanted.co.kr/wd/350448,미디어엑스,경력 1-5년 · 계약직,합격보상금 20만원
https://www.wanted.co.kr/wd/378385,플릭,경력 3-10년,합격보상금 100만원
https://www.wanted.co.kr/wd/373330,인핸스(Enhans),경력 10년 이상,합격보상금 100만원
https://www.wanted.co.kr/wd/356257,아타드(ATAD),경력 1-5년,합격보상금 100만원
https://www.wanted.co.kr/wd/378201,몽규,신입-경력 5년,합격보상금 100만원
https://www.wanted.co.kr/wd/353607,브레이슬릿스튜디오,경력 5-11년,합격보상금 100만원
https://www.wanted.co.kr/wd/377919,하이퍼커넥트,경력 5-12년,합격보상금 100만원
https://www.wanted.co.kr/wd/371048,벳칭,경력 1-3년,합격보상금 100만원
https://www.wanted.co.kr/wd/356352,아이필로,경력 2-7년,합격보상금 100만원
https://www.wanted.co.kr/wd/322003,페이타랩(패스오더),경력 5-10년,합격보상금 100만원
https://www.wanted.co.kr/wd/371138,플다,경력 1-5년,합격보상금 100만원
https://www.wanted.co.kr/wd/375971,햅티,경력 5-10년,합격보상금 100만원
https://www.wanted.co.kr/wd/376141,팡고지와이,경력 1-3년,합격보상금 100만원
https://www.wanted.co.kr/wd/322432,올웨이지,신입-경력 5년,합격보상금 100만원
https://www.wanted.co.kr/wd/365825,루트라보,경력 2-7년,합격보상금 100만원
https://www.wanted.co.kr/wd/376513,퀀터라인,신입-경력 3년,합격보상금 100만원
https://www.wanted.co.kr/wd/349968,스펙터,경력 3-6년,합격보상금 100만원
https://www.wanted.co.kr/wd/337437,씨제이올리브영(CJ올리브영),경력 5년 이상,합격보상금 100만원
https://www.wanted.co.kr/wd/374410,리빌더에이아이(리빌더AI),경력 5-10년,합격보상금 100만원
https://www.wanted.co.kr/wd/358526,올리브인터내셔널,경력 2-7년,합격보상금 100만원
https://www.wanted.co.kr/wd/377005,올리브인터내셔널,경력 2-5년,합격보상금 100만원
https://www.wanted.co.kr/wd/331305,페이타랩(패스오더),경력 2-10년,합격보상금 100만원
https://www.wanted.co.kr/wd/328009,슈퍼컴퍼니,경력 1년 이상,합격보상금 100만원
https://www.wanted.co.kr/wd/371820,바비톡,경력 3년 이상,합격보상금 100만원
https://www.wanted.co.kr/wd/349580,스펙터,경력 7년 이상,합격보상금 100만원
https://www.wanted.co.kr/wd/371572,아그모,경력 1-5년,합격보상금 100만원
https://www.wanted.co.kr/wd/359457,스펙터,경력 3-10년,합격보상금 100만원
https://www.wanted.co.kr/wd/378013,넥스트증권,경력 5년 이상,합격보상금 100만원
https://www.wanted.co.kr/wd/350601,스펙터,경력 2-7년,합격보상금 100만원
https://www.wanted.co.kr/wd/371237,피코브,경력 2-7년 · 계약직,합격보상금 20만원
https://www.wanted.co.kr/wd/374577,볼트테크코리아,경력 3-8년,합격보상금 100만원
https://www.wanted.co.kr/wd/363099,올투비,경력 1-5년,합격보상금 100만원
https://www.wanted.co.kr/wd/328161,컬리,경력 3-8년,합격보상금 100만원
https://www.wanted.co.kr/wd/371065,인터엑스,경력 5-11년,합격보상금 100만원
https://www.wanted.co.kr/wd/375256,BAT(비에이티),신입-경력 2년,합격보상금 100만원
https://www.wanted.co.kr/wd/372544,라이너(Liner),경력 5년 이상,합격보상금 100만원
https://www.wanted.co.kr/wd/341470,볼트테크코리아,경력 8-15년,합격보상금 100만원
https://www.wanted.co.kr/wd/375176,히든스카우트(헤드헌팅),경력 1-12년,합격보상금 100만원
https://www.wanted.co.kr/wd/367499,스킷,경력 3-15년,합격보상금 100만원
https://www.wanted.co.kr/wd/359512,이지,경력 3년 이상,합격보상금 100만원
https://www.wanted.co.kr/wd/355872,라이프비,경력 4-7년,합격보상금 100만원
https://www.wanted.co.kr/wd/376095,블리몽키즈,경력 3-7년,합격보상금 100만원
https://www.wanted.co.kr/wd/371836,오진상사,경력 1-9년,합격보상금 100만원
https://www.wanted.co.kr/wd/369723,피에프씨테크놀로지스,경력 5-7년,합격보상금 100만원
https://www.wanted.co.kr/wd/369120,에이피크,경력 1-5년,합격보상금 100만원
https://www.wanted.co.kr/wd/372525,씨제이올리브영(CJ올리브영),경력 8년 이상,합격보상금 100만원
https://www.wanted.co.kr/wd/376341,글루가(ohora/오호라),경력 1-3년,합격보상금 100만원
https://www.wanted.co.kr/wd/313223,피엘스토리,경력 3년 이상,합격보상금 100만원
https://www.wanted.co.kr/wd/377574,에이비제트,경력 2-9년,합격보상금 100만원
https://www.wanted.co.kr/wd/378556,브레인크루,경력 1-5년,합격보상금 100만원
https://www.wanted.co.kr/wd/370798,하이어코퍼레이션,경력 2-6년,합격보상금 100만원
https://www.wanted.co.kr/wd/375837,포스탠다드,경력 5-11년,합격보상금 100만원
https://www.wanted.co.kr/wd/377721,파고다아카데미,경력 3-5년,합격보상금 100만원
https://www.wanted.co.kr/wd/378255,더스윙,경력 1-5년,합격보상금 100만원
https://www.wanted.co.kr/wd/359027,올리브인터내셔널,경력 5-12년,합격보상금 100만원
https://www.wanted.co.kr/wd/349368,드림시커,경력 2-5년,합격보상금 100만원
https://www.wanted.co.kr/wd/371265,비마이마케터,경력 1-5년,합격보상금 100만원
https://www.wanted.co.kr/wd/279777,서원,경력 3년 이상,합격보상금 100만원
https://www.wanted.co.kr/wd/358425,클래스101(Class101),신입 이상,합격보상금 100만원
https://www.wanted.co.kr/wd/375161,피엠인터내셔널코리아,신입-경력 4년,합격보상금 100만원
https://www.wanted.co.kr/wd/349380,올리브인터내셔널,경력 1-5년,합격보상금 100만원
https://www.wanted.co.kr/wd/313523,위버케어,경력 1-5년,합격보상금 100만원
https://www.wanted.co.kr/wd/377140,하프의원,신입 이상,합격보상금 100만원
https://www.wanted.co.kr/wd/369031,아이솔트,경력 2-4년,합격보상금 100만원
https://www.wanted.co.kr/wd/278192,태오앤더,경력 2-5년,합격보상금 100만원
https://www.wanted.co.kr/wd/371042,벳칭,경력 5-10년,합격보상금 100만원
https://www.wanted.co.kr/wd/378033,위시스트,신입-경력 5년,합격보상금 100만원
https://www.wanted.co.kr/wd/337137,라줌,신입 이상 · 계약직,합격보상금 20만원
https://www.wanted.co.kr/wd/374262,히든스카우트(헤드헌팅),경력 1-5년,합격보상금 100만원
https://www.wanted.co.kr/wd/307163,보로노이,경력 10년 이상,합격보상금 100만원
https://www.wanted.co.kr/wd/289160,광고인,신입,합격보상금 100만원
https://www.wanted.co.kr/wd/321120,반드시,경력 1년 이상,합격보상금 100만원
https://www.wanted.co.kr/wd/188737,엠케이로드,신입,합격보상금 100만원
https://www.wanted.co.kr/wd/359527,씨제이올리브영(CJ올리브영),경력 7년 이상,합격보상금 100만원
https://www.wanted.co.kr/wd/348744,메라키플레이스,경력 5-15년,합격보상금 100만원
https://www.wanted.co.kr/wd/375431,히든스카우트(헤드헌팅),경력 1-5년,합격보상금 100만원
https://www.wanted.co.kr/wd/367861,에이베러,경력 3년 이상,합격보상금 100만원
https://www.wanted.co.kr/wd/377629,드림인사이트,경력 7-14년,합격보상금 100만원
https://www.wanted.co.kr/wd/375021,씨제이올리브영(CJ올리브영),경력 5-11년,합격보상금 100만원
https://www.wanted.co.kr/wd/376078,아이오트러스트,경력 5-10년,합격보상금 100만원
https://www.wanted.co.kr/wd/370091,씨제이올리브영(CJ올리브영),경력 7-14년,합격보상금 100만원
https://www.wanted.co.kr/wd/321117,반드시,경력 1년 이상,합격보상금 100만원
https://www.wanted.co.kr/wd/263184,테라퓨젠바이오,경력 1년,합격보상금 100만원
https://www.wanted.co.kr/wd/373174,메라키플레이스,경력 3-8년,합격보상금 100만원
https://www.wanted.co.kr/wd/371049,벳칭,신입,합격보상금 100만원
https://www.wanted.co.kr/wd/328700,이포에이,경력 1-5년,합격보상금 100만원
https://www.wanted.co.kr/wd/377833,호퍼스,경력 1-7년 · 계약직,합격보상금 20만원
https://www.wanted.co.kr/wd/377810,동행코리아,신입-경력 4년,합격보상금 100만원
https://www.wanted.co.kr/wd/345565,바람인터내셔날(DEAR DAHLIA),경력 5-11년,합격보상금 100만원
https://www.wanted.co.kr/wd/376752,글루가(ohora/오호라),경력 2-5년,합격보상금 100만원
https://www.wanted.co.kr/wd/348194,엘엠엔틱바이오텍,신입-경력 12년,합격보상금 100만원
https://www.wanted.co.kr/wd/345103,클라즈,경력 1년 이상 · 계약직,합격보상금 20만원
https://www.wanted.co.kr/wd/373170,메라키플레이스,경력 5-15년,합격보상금 100만원
https://www.wanted.co.kr/wd/355753,메이드코프,경력 4-10년 · 계약직,합격보상금 20만원
https://www.wanted.co.kr/wd/364200,모제림성형외과,신입-경력 2년,합격보상금 100만원
https://www.wanted.co.kr/wd/366927,리베타,경력 1-10년,합격보상금 100만원
https://www.wanted.co.kr/wd/377182,대라,경력 4-12년,합격보상금 100만원
https://www.wanted.co.kr/wd/360168,익스트림,경력 5년 이상,합격보상금 100만원
https://www.wanted.co.kr/wd/375293,라이프페스타,신입 · 인턴,합격보상금 100만원
https://www.wanted.co.kr/wd/286563,도그지어(dogsear),경력 4-7년,합격보상금 100만원
https://www.wanted.co.kr/wd/375027,씨제이올리브영(CJ올리브영),경력 5-11년,합격보상금 100만원
https://www.wanted.co.kr/wd/361979,모젯(정오의데이트),신입-경력 10년,합격보상금 100만원
https://www.wanted.co.kr/wd/376581,올리브인터내셔널,경력 1년 이상,합격보상금 100만원
https://www.wanted.co.kr/wd/63828,애드이피션시,경력 1-6년,합격보상금 100만원
https://www.wanted.co.kr/wd/359170,씨제이올리브영(CJ올리브영),경력 5년 이상,합격보상금 100만원
https://www.wanted.co.kr/wd/371714,마곳간,경력 1-5년,합격보상금 100만원
https://www.wanted.co.kr/wd/373847,히든스카우트(헤드헌팅),경력 5-20년,합격보상금 100만원
https://www.wanted.co.kr/wd/258299,잘함,경력 3-10년,합격보상금 100만원
https://www.wanted.co.kr/wd/376216,포티파이,경력 3년 이상,합격보상금 100만원
https://www.wanted.co.kr/wd/263185,테라퓨젠바이오,경력 1년,합격보상금 100만원
https://www.wanted.co.kr/wd/366875,위덤,경력 4-15년,합격보상금 100만원
https://www.wanted.co.kr/wd/377918,하이퍼커넥트,경력 4-8년,합격보상금 100만원
https://www.wanted.co.kr/wd/354276,쿼시,경력 4-7년,합격보상금 100만원
https://www.wanted.co.kr/wd/374869,콜리,경력 2-7년,합격보상금 100만원
https://www.wanted.co.kr/wd/295591,월터워커,신입-경력 10년,합격보상금 100만원
https://www.wanted.co.kr/wd/378035,캐리랩,경력 3-15년,합격보상금 100만원
https://www.wanted.co.kr/wd/368395,유디아이디(UDID),경력 3-8년,합격보상금 100만원
https://www.wanted.co.kr/wd/367460,에이베러,경력 2년 이상,합격보상금 100만원
https://www.wanted.co.kr/wd/327577,테라퓨젠바이오,경력 1-5년,합격보상금 100만원
https://www.wanted.co.kr/wd/366630,피티코퍼레이션,경력 5년 이상,합격보상금 100만원
https://www.wanted.co.kr/wd/373617,쿼터풀,경력 3-8년,합격보상금 100만원
https://www.wanted.co.kr/wd/361903,엘리지에,신입,합격보상금 100만원
https://www.wanted.co.kr/wd/373497,티에스랩(TSLAB),경력 1-3년,합격보상금 100만원
https://www.wanted.co.kr/wd/377628,드림인사이트,경력 7-14년,합격보상금 100만원
https://www.wanted.co.kr/wd/365472,메라키플레이스,경력 1-5년,합격보상금 100만원
https://www.wanted.co.kr/wd/378585,문학동네,경력 5-11년,합격보상금 100만원
https://www.wanted.co.kr/wd/376890,대라,경력 2-10년,합격보상금 100만원
https://www.wanted.co.kr/wd/372704,맘편한세상(맘시터),신입,합격보상금 100만원
https://www.wanted.co.kr/wd/376420,니더(급구),신입-경력 2년,합격보상금 100만원
https://www.wanted.co.kr/wd/366565,믿는구석,경력 3-8년,합격보상금 100만원
https://www.wanted.co.kr/wd/358868,엠프렌즈,경력 1-2년,합격보상금 100만원
https://www.wanted.co.kr/wd/365314,히팅스퀘어,경력 2년 이상,합격보상금 100만원
https://www.wanted.co.kr/wd/366424,씨제이올리브영(CJ올리브영),경력 3년 이상,합격보상금 100만원
https://www.wanted.co.kr/wd/362990,숏뜨,경력 2-5년,합격보상금 100만원
https://www.wanted.co.kr/wd/364103,플랜핏,신입 · 인턴,합격보상금 100만원
https://www.wanted.co.kr/wd/365722,넥스트챕터(NextChapter),신입 · 인턴,합격보상금 100만원
https://www.wanted.co.kr/wd/365596,씨제이올리브영(CJ올리브영),경력 5년 이상,합격보상금 100만원
https://www.wanted.co.kr/wd/352177,파이비어스,신입-경력 10년 · 계약직,합격보상금 20만원
https://www.wanted.co.kr/wd/356120,브랜드지놈(BRANDGENOME),경력 7년 이상,합격보상금 100만원
https://www.wanted.co.kr/wd/166462,고차원,경력 2-7년,합격보상금 100만원
https://www.wanted.co.kr/wd/365876,에이블런,경력 2-7년,합격보상금 100만원
https://www.wanted.co.kr/wd/362674,에비드넷,경력 8-35년,합격보상금 100만원
https://www.wanted.co.kr/wd/372279,넥스트챕터(NextChapter),경력 2-10년,합격보상금 100만원
https://www.wanted.co.kr/wd/369749,올리브인터내셔널,경력 1-7년,합격보상금 100만원
https://www.wanted.co.kr/wd/358635,에비드넷,경력 8-35년,합격보상금 100만원
https://www.wanted.co.kr/wd/379095,퍼틸레인(Fertilerains),경력 3-15년,합격보상금 100만원
https://www.wanted.co.kr/wd/378368,바이메이더,경력 1-5년,합격보상금 100만원
https://www.wanted.co.kr/wd/378740,제이와이피엔터테인먼트(JYP),경력 5-8년,합격보상금 100만원
https://www.wanted.co.kr/wd/376474,오버데어코리아,경력 5-11년,합격보상금 100만원
https://www.wanted.co.kr/wd/376453,엑스플랫,경력 7-14년,합격보상금 100만원
https://www.wanted.co.kr/wd/292276,포티투닷(42dot),경력 5-11년,합격보상금 100만원
https://www.wanted.co.kr/wd/170673,메이디,경력 3-5년,합격보상금 100만원
https://www.wanted.co.kr/wd/318370,틸다,신입 · 인턴,합격보상금 100만원
https://www.wanted.co.kr/wd/113717,알앤원(RN1),경력 1-5년,합격보상금 100만원
https://www.wanted.co.kr/wd/337939,리브포워드,신입-경력 8년,합격보상금 100만원
https://www.wanted.co.kr/wd/354383,이노바이드,경력 3-5년,합격보상금 100만원
https://www.wanted.co.kr/wd/374865,슬로워크(Slowalk),경력 3-8년,합격보상금 100만원
https://www.wanted.co.kr/wd/371458,피코브,경력 2-7년,합격보상금 100만원
https://www.wanted.co.kr/wd/355172,누비랩,경력 5-10년,합격보상금 100만원
https://www.wanted.co.kr/wd/368064,긴트,신입-경력 3년,합격보상금 100만원
https://www.wanted.co.kr/wd/272377,블루비임팩트,경력 1-6년,합격보상금 100만원
https://www.wanted.co.kr/wd/265230,키엑스,경력 3년 이상,합격보상금 100만원
https://www.wanted.co.kr/wd/355823,오롬,경력 1년 이상,합격보상금 100만원
https://www.wanted.co.kr/wd/296025,테라퓨젠바이오,경력 1-7년,합격보상금 100만원
https://www.wanted.co.kr/wd/371085,글루가(ohora/오호라),경력 2-5년,합격보상금 100만원
https://www.wanted.co.kr/wd/375090,세븐픽쳐스,경력 4-10년,합격보상금 100만원
https://www.wanted.co.kr/wd/230763,에제드,신입 · 인턴,합격보상금 100만원
https://www.wanted.co.kr/wd/365189,네오심플릭스,경력 2-7년,합격보상금 100만원
https://www.wanted.co.kr/wd/338172,"브레이브모바일(숨고,Soomgo)",경력 5년 이상,합격보상금 100만원
https://www.wanted.co.kr/wd/378817,밀레니얼머니스쿨,신입-경력 3년,합격보상금 100만원
https://www.wanted.co.kr/wd/363718,필름,경력 3-5년,합격보상금 100만원
https://www.wanted.co.kr/wd/377756,오브라운,경력 3-5년,합격보상금 100만원
https://www.wanted.co.kr/wd/376251,씨앤씨인터내셔널,신입-경력 5년,합격보상금 100만원
https://www.wanted.co.kr/wd/376211,블루비임팩트,신입 · 인턴,합격보상금 100만원
https://www.wanted.co.kr/wd/360926,덴츠홀딩스코리아,경력 4-9년,합격보상금 100만원
https://www.wanted.co.kr/wd/342295,센트비(Sentbe),경력 3년 이상,합격보상금 100만원
https://www.wanted.co.kr/wd/363456,큐피스트(글램),경력 2-7년,합격보상금 100만원
https://www.wanted.co.kr/wd/376359,블랭크(Blank),신입 · 인턴,합격보상금 100만원
https://www.wanted.co.kr/wd/370353,텔유어월드,경력 1-5년,합격보상금 100만원
https://www.wanted.co.kr/wd/334706,더블유피아이씨디지털코리아,경력 2-5년,합격보상금 100만원
https://www.wanted.co.kr/wd/372096,오브라운,경력 3-8년,합격보상금 100만원
https://www.wanted.co.kr/wd/328865,올리브인터내셔널,경력 2-5년,합격보상금 100만원
https://www.wanted.co.kr/wd/362583,코인원(coinone),경력 5-11년,합격보상금 100만원
https://www.wanted.co.kr/wd/230787,에제드,경력 2-5년,합격보상금 100만원
https://www.wanted.co.kr/wd/198175,잘함,경력 2-7년,합격보상금 100만원
https://www.wanted.co.kr/wd/350194,라이프위드코퍼레이션,신입-경력 5년,합격보상금 100만원
https://www.wanted.co.kr/wd/373612,라포랩스,경력 5년 이상,합격보상금 100만원
https://www.wanted.co.kr/wd/366941,모젯(정오의데이트),신입-경력 10년,합격보상금 100만원
https://www.wanted.co.kr/wd/378941,네오커스,경력 2-7년,합격보상금 100만원
https://www.wanted.co.kr/wd/343694,넥스트챕터(NextChapter),경력 2-7년,합격보상금 100만원
https://www.wanted.co.kr/wd/363914,마켓디자이너스,신입-경력 5년,합격보상금 100만원
https://www.wanted.co.kr/wd/326949,애터미(Atomy),경력 2년 이상 · 계약직,합격보상금 20만원
https://www.wanted.co.kr/wd/374470,에프앤엘코퍼레이션,경력 2년 이상,합격보상금 100만원
https://www.wanted.co.kr/wd/171849,몰덴아이,경력 5-8년,합격보상금 100만원
https://www.wanted.co.kr/wd/373622,쿼터풀,경력 3-8년,합격보상금 100만원
https://www.wanted.co.kr/wd/354050,파인밀,경력 1-5년,합격보상금 100만원
https://www.wanted.co.kr/wd/378165,드림어스컴퍼니,경력 5-7년,합격보상금 100만원
https://www.wanted.co.kr/wd/377938,드리온,경력 2-5년,합격보상금 100만원
https://www.wanted.co.kr/wd/372699,맘편한세상(맘시터),경력 1-10년,합격보상금 100만원
https://www.wanted.co.kr/wd/218967,페이타랩(패스오더),신입-경력 5년,합격보상금 100만원
https://www.wanted.co.kr/wd/378923,유어유니콘(크런틴),경력 1년 이상,합격보상금 100만원
https://www.wanted.co.kr/wd/377383,디퍼플,경력 3-5년,합격보상금 100만원
https://www.wanted.co.kr/wd/311173,유에이,경력 2-7년,합격보상금 100만원
https://www.wanted.co.kr/wd/376516,퀀터라인,경력 3-20년,합격보상금 100만원
https://www.wanted.co.kr/wd/378487,더스크랙,경력 1-7년,합격보상금 100만원
https://www.wanted.co.kr/wd/376515,퀀터라인,경력 3-20년,합격보상금 100만원
https://www.wanted.co.kr/wd/375650,원웨이랩,신입-경력 15년,합격보상금 100만원
https://www.wanted.co.kr/wd/354205,똑똑한개발자,경력 1-5년 · 계약직,합격보상금 20만원
https://www.wanted.co.kr/wd/366991,씨제이올리브영(CJ올리브영),경력 5년 이상,합격보상금 100만원
https://www.wanted.co.kr/wd/374641,아이리스브라이트,경력 7년 이상,합격보상금 100만원
https://www.wanted.co.kr/wd/358019,월터워커,신입-경력 4년 · 계약직,합격보상금 20만원
https://www.wanted.co.kr/wd/374329,뷰티셀렉션,경력 3-8년,합격보상금 100만원
https://www.wanted.co.kr/wd/377589,누닷,경력 3-9년,합격보상금 100만원
https://www.wanted.co.kr/wd/373711,허니플랜트,경력 3-8년,합격보상금 100만원
https://www.wanted.co.kr/wd/365652,씨제이올리브영(CJ올리브영),경력 8년 이상,합격보상금 100만원
https://www.wanted.co.kr/wd/348474,아몬드앤코,신입,합격보상금 100만원
https://www.wanted.co.kr/wd/347158,메라키플레이스,경력 5-15년,합격보상금 100만원
https://www.wanted.co.kr/wd/367902,내방미디어,신입,합격보상금 100만원
https://www.wanted.co.kr/wd/363445,티에프엔,경력 2-7년,합격보상금 100만원
https://www.wanted.co.kr/wd/365645,씨제이올리브영(CJ올리브영),경력 8년 이상,합격보상금 100만원
https://www.wanted.co.kr/wd/360016,네오심플릭스,경력 4년 이상,합격보상금 100만원
https://www.wanted.co.kr/wd/351272,씨제이올리브영(CJ올리브영),경력 4-7년,합격보상금 100만원
https://www.wanted.co.kr/wd/226814,엔라이즈(NRISE),경력 1-5년,합격보상금 100만원
https://www.wanted.co.kr/wd/377432,필블랭크,경력 3년 이상,합격보상금 100만원
https://www.wanted.co.kr/wd/371367,피코브,경력 5년 이상,합격보상금 100만원
https://www.wanted.co.kr/wd/374952,엠플로컴퍼니,경력 2-4년,합격보상금 100만원
https://www.wanted.co.kr/wd/375839,덴츠홀딩스코리아,경력 7-10년,합격보상금 100만원
https://www.wanted.co.kr/wd/369780,앱솔브랩(셀리맥스),경력 2-5년,합격보상금 100만원
https://www.wanted.co.kr/wd/358572,포티투닷(42dot),경력 1-10년,합격보상금 100만원
https://www.wanted.co.kr/wd/377934,뷰스컴퍼니,경력 1-5년,합격보상금 100만원
https://www.wanted.co.kr/wd/363151,버킷플레이스(오늘의집),경력 5년 이상,합격보상금 100만원
https://www.wanted.co.kr/wd/345989,위픽코퍼레이션,경력 1-5년,합격보상금 100만원
https://www.wanted.co.kr/wd/368011,히든스카우트(헤드헌팅),경력 10-17년,합격보상금 100만원
https://www.wanted.co.kr/wd/352323,라포랩스,경력 3년 이상,합격보상금 100만원
https://www.wanted.co.kr/wd/286559,도그지어(dogsear),경력 8-12년,합격보상금 100만원
https://www.wanted.co.kr/wd/349374,블리츠씰,신입-경력 4년,합격보상금 100만원
https://www.wanted.co.kr/wd/371892,머스트케이,경력 1-5년,합격보상금 100만원
https://www.wanted.co.kr/wd/373007,케이와이아카데미(KYAcademy),경력 1-5년 · 계약직,합격보상금 20만원
https://www.wanted.co.kr/wd/370676,데이원컴퍼니,경력 3년 이상,합격보상금 100만원
https://www.wanted.co.kr/wd/365035,파이브스페이스(아더에러),경력 3-8년,합격보상금 100만원
https://www.wanted.co.kr/wd/339235,피트,경력 5-10년,합격보상금 100만원
https://www.wanted.co.kr/wd/378358,커넥트웨이브,신입-경력 5년,합격보상금 100만원
https://www.wanted.co.kr/wd/372755,머큐리프로젝트,경력 1-3년,합격보상금 100만원
https://www.wanted.co.kr/wd/263305,월터워커,경력 4-10년,합격보상금 100만원
https://www.wanted.co.kr/wd/379007,비엘비엔터테인먼트,경력 2-7년 · 계약직,합격보상금 20만원
https://www.wanted.co.kr/wd/375757,에이비인터내셔날,경력 5-10년,합격보상금 100만원
https://www.wanted.co.kr/wd/377614,에고이즘,경력 3-12년,합격보상금 100만원
https://www.wanted.co.kr/wd/351501,어댑트(adaptInc.),경력 1년 이상,합격보상금 100만원
https://www.wanted.co.kr/wd/328810,아이필로,경력 5년 이상,합격보상금 100만원
https://www.wanted.co.kr/wd/355574,케이바이오메디,경력 2-7년,합격보상금 100만원
https://www.wanted.co.kr/wd/375969,노바크,경력 1-3년,합격보상금 100만원
https://www.wanted.co.kr/wd/332815,여기어때컴퍼니,경력 7-15년,합격보상금 100만원
https://www.wanted.co.kr/wd/325914,비그로우,경력 1-7년,합격보상금 100만원
https://www.wanted.co.kr/wd/365696,시너지버슨,경력 1-5년,합격보상금 100만원
https://www.wanted.co.kr/wd/313222,피엘스토리,경력 1년 이상,합격보상금 100만원
https://www.wanted.co.kr/wd/350559,서린컴퍼니,경력 4년 이상,합격보상금 100만원
https://www.wanted.co.kr/wd/375715,아마고,신입-경력 5년,합격보상금 100만원
https://www.wanted.co.kr/wd/365643,씨제이올리브영(CJ올리브영),경력 8년 이상,합격보상금 100만원
https://www.wanted.co.kr/wd/375420,시너윗,경력 1-5년,합격보상금 100만원
https://www.wanted.co.kr/wd/373099,위덤,신입-경력 5년,합격보상금 100만원
https://www.wanted.co.kr/wd/363754,오비터스,경력 1-5년,합격보상금 100만원
https://www.wanted.co.kr/wd/359764,아마존(Amazon),경력 10년 이상,합격보상금 50만원
https://www.wanted.co.kr/wd/300553,오비터스,신입 · 인턴,합격보상금 100만원
https://www.wanted.co.kr/wd/362236,노타(Nota),경력 5-11년,합격보상금 100만원
https://www.wanted.co.kr/wd/343401,디스펙터,경력 7-14년,합격보상금 100만원
https://www.wanted.co.kr/wd/378533,에이베러,경력 3-5년,합격보상금 100만원
https://www.wanted.co.kr/wd/241607,뉴메리크스튜디오,경력 8-12년,합격보상금 100만원
https://www.wanted.co.kr/wd/378434,몽규,경력 4-7년,합격보상금 100만원
https://www.wanted.co.kr/wd/368706,워키오,경력 3-7년,합격보상금 100만원
https://www.wanted.co.kr/wd/330532,씨제이올리브네트웍스(CJ올리브네트웍스),경력 3-20년,합격보상금 100만원
https://www.wanted.co.kr/wd/377985,다빈치커뮤니케이션,경력 5-11년,합격보상금 100만원
https://www.wanted.co.kr/wd/362245,코엔코,경력 2-7년,합격보상금 100만원
https://www.wanted.co.kr/wd/373079,앤서스랩코리아,경력 7년 이상,합격보상금 100만원
https://www.wanted.co.kr/wd/367662,씨앤씨인터내셔널,신입-경력 10년,합격보상금 100만원
https://www.wanted.co.kr/wd/353611,브레이슬릿스튜디오,경력 5-11년,합격보상금 100만원
https://www.wanted.co.kr/wd/363252,미쓰윤,경력 3-5년,합격보상금 100만원
https://www.wanted.co.kr/wd/346784,메라키플레이스,경력 5-10년,합격보상금 100만원
https://www.wanted.co.kr/wd/364921,바이잇,경력 2-7년,합격보상금 100만원
https://www.wanted.co.kr/wd/377256,메가스터디교육,신입-경력 7년,합격보상금 100만원
https://www.wanted.co.kr/wd/367663,씨앤씨인터내셔널,신입-경력 10년,합격보상금 100만원
https://www.wanted.co.kr/wd/361548,애쉬코어테크놀로지스,경력 3-8년,합격보상금 100만원
https://www.wanted.co.kr/wd/365381,라이너(Liner),경력 5년 이상,합격보상금 100만원
https://www.wanted.co.kr/wd/370222,와이즐리컴퍼니,경력 3년 이상,합격보상금 100만원
https://www.wanted.co.kr/wd/242610,파이오링크,경력 2-12년,합격보상금 100만원
https://www.wanted.co.kr/wd/360956,코드잇(codeit),신입-경력 10년,합격보상금 100만원
https://www.wanted.co.kr/wd/375771,모레,신입-경력 4년,합격보상금 100만원
https://www.wanted.co.kr/wd/378938,네오커스,경력 2-7년,합격보상금 100만원
https://www.wanted.co.kr/wd/354983,하크어패럴,경력 2-7년,합격보상금 100만원
https://www.wanted.co.kr/wd/355493,임꺽정푸드시스템,경력 1-5년,합격보상금 100만원
https://www.wanted.co.kr/wd/373537,키다리스튜디오,경력 3-8년,합격보상금 100만원
https://www.wanted.co.kr/wd/136607,엔피알인터커뮤니케이션(NPR),경력 2-10년,합격보상금 100만원
https://www.wanted.co.kr/wd/331528,아스토리스,경력 1-15년,합격보상금 100만원
https://www.wanted.co.kr/wd/371284,바이오인터체인지,경력 3-8년,합격보상금 100만원
https://www.wanted.co.kr/wd/355587,메디비젼,신입 이상,합격보상금 100만원
https://www.wanted.co.kr/wd/372476,모스포츠,경력 1-5년,합격보상금 100만원
https://www.wanted.co.kr/wd/249291,페이타랩(패스오더),신입-경력 10년,합격보상금 100만원
https://www.wanted.co.kr/wd/358841,로가,경력 5-8년,합격보상금 100만원
https://www.wanted.co.kr/wd/367808,데이원컴퍼니,경력 5-11년,합격보상금 100만원
https://www.wanted.co.kr/wd/359326,오비터스,신입 · 인턴,합격보상금 100만원
https://www.wanted.co.kr/wd/375299,비미디어컴퍼니,경력 5년 이상,합격보상금 100만원
https://www.wanted.co.kr/wd/375473,이오스시스템,경력 3년 이상,합격보상금 100만원
https://www.wanted.co.kr/wd/351079,메크투,경력 1-5년,합격보상금 100만원
https://www.wanted.co.kr/wd/373874,라포랩스,경력 10년 이상,합격보상금 100만원
https://www.wanted.co.kr/wd/344407,넥스트챕터(NextChapter),경력 2-5년,합격보상금 100만원
https://www.wanted.co.kr/wd/372308,삼양식품,경력 5-7년,합격보상금 100만원
https://www.wanted.co.kr/wd/374571,아이엔젤,경력 1-3년,합격보상금 100만원
https://www.wanted.co.kr/wd/379129,구십구도씨,신입 이상,합격보상금 100만원
https://www.wanted.co.kr/wd/368205,다온더케어,경력 2-7년,합격보상금 100만원
https://www.wanted.co.kr/wd/365254,아마존(Amazon),경력 10년 이상,합격보상금 50만원
https://www.wanted.co.kr/wd/376449,키다리스튜디오,경력 3년 이상,합격보상금 100만원
https://www.wanted.co.kr/wd/287715,동아화학,경력 5-10년,합격보상금 100만원
https://www.wanted.co.kr/wd/370136,BAT(비에이티),경력 4-7년,합격보상금 100만원
https://www.wanted.co.kr/wd/351081,캔탈롭,신입 · 인턴,합격보상금 100만원
https://www.wanted.co.kr/wd/377697,히든스카우트(헤드헌팅),경력 4-7년,합격보상금 100만원
https://www.wanted.co.kr/wd/275765,슬링,신입-경력 5년,합격보상금 100만원
https://www.wanted.co.kr/wd/364740,스탁키퍼 (뱅카우),경력 5년 이상,합격보상금 100만원
https://www.wanted.co.kr/wd/363402,리브스메드,경력 3-10년,합격보상금 100만원
https://www.wanted.co.kr/wd/378430,몽규,경력 1-3년,합격보상금 100만원
https://www.wanted.co.kr/wd/379112,가딘미디어,경력 1년 이상 · 계약직,합격보상금 20만원
https://www.wanted.co.kr/wd/287044,넥스트챕터(NextChapter),신입 · 인턴,합격보상금 100만원
https://www.wanted.co.kr/wd/374866,맘편한세상(맘시터),신입-경력 5년,합격보상금 100만원
https://www.wanted.co.kr/wd/377680,로레알(L'Oreal),경력 10년 이상,합격보상금 50만원
https://www.wanted.co.kr/wd/363003,올투비,경력 1-5년,합격보상금 100만원
https://www.wanted.co.kr/wd/377224,대라,신입-경력 10년,합격보상금 100만원
https://www.wanted.co.kr/wd/377307,아이헤이트플라잉버그스,경력 2-10년,합격보상금 100만원
https://www.wanted.co.kr/wd/365443,플라잎,신입-경력 6년,합격보상금 100만원
https://www.wanted.co.kr/wd/371593,플루토랩스,신입-경력 4년,합격보상금 100만원
https://www.wanted.co.kr/wd/365108,두호컴퍼니,경력 2-5년,합격보상금 100만원
https://www.wanted.co.kr/wd/368684,달바글로벌,경력 1년 이상,합격보상금 100만원
https://www.wanted.co.kr/wd/376610,잇올,경력 7-20년,합격보상금 100만원
https://www.wanted.co.kr/wd/377707,구다이글로벌(조선미녀),경력 3-8년,합격보상금 100만원
https://www.wanted.co.kr/wd/377235,반디소프트인터내셔널,신입-경력 10년,합격보상금 100만원
https://www.wanted.co.kr/wd/372222,와이즐리컴퍼니,신입,합격보상금 100만원
https://www.wanted.co.kr/wd/325405,플로우닉스,경력 1-5년,합격보상금 100만원
https://www.wanted.co.kr/wd/355453,넥스트챕터(NextChapter),경력 3년 이상,합격보상금 100만원
https://www.wanted.co.kr/wd/365670,씨제이올리브영(CJ올리브영),경력 3년 이상,합격보상금 100만원
https://www.wanted.co.kr/wd/366660,피처링(FeaturingCorp.),경력 3년 이상,합격보상금 100만원
https://www.wanted.co.kr/wd/366626,피이그(FIG),경력 3-7년,합격보상금 100만원
https://www.wanted.co.kr/wd/376974,니즈테크,경력 1-10년,합격보상금 100만원
https://www.wanted.co.kr/wd/372709,그레이스클럽,경력 1년 이상,합격보상금 100만원
https://www.wanted.co.kr/wd/378649,여기어때컴퍼니,경력 3-10년,합격보상금 100만원
https://www.wanted.co.kr/wd/351082,메크투,경력 3년 이상,합격보상금 100만원
https://www.wanted.co.kr/wd/377459,넥스트폼,경력 1-5년,합격보상금 100만원
https://www.wanted.co.kr/wd/379132,구십구도씨,신입 이상,합격보상금 100만원
https://www.wanted.co.kr/wd/368044,나이키(Nike),경력 8년 이상,합격보상금 50만원
https://www.wanted.co.kr/wd/373802,에프피앤코(FP&Co.),신입-경력 3년,합격보상금 100만원
https://www.wanted.co.kr/wd/365906,타임마케팅,신입-경력 10년,합격보상금 100만원
https://www.wanted.co.kr/wd/305169,컬리,경력 5년 이상,합격보상금 100만원
https://www.wanted.co.kr/wd/378922,유어유니콘(크런틴),경력 1-5년,합격보상금 100만원
https://www.wanted.co.kr/wd/362011,더핑크퐁컴퍼니(The Pinkfong Company),경력 3-7년,합격보상금 100만원
https://www.wanted.co.kr/wd/355789,새벽네시,신입-경력 4년,합격보상금 100만원
https://www.wanted.co.kr/wd/377634,큐빅,경력 3-8년,합격보상금 100만원
https://www.wanted.co.kr/wd/372339,크래블,경력 3-15년,합격보상금 100만원
https://www.wanted.co.kr/wd/180463,스토리브,경력 2-3년,합격보상금 100만원
https://www.wanted.co.kr/wd/373912,메가스터디교육,경력 10-11년 · 계약직,합격보상금 20만원
https://www.wanted.co.kr/wd/364694,아워코퍼레이션,경력 2-7년,합격보상금 100만원
https://www.wanted.co.kr/wd/372708,그레이스클럽,신입,합격보상금 100만원
https://www.wanted.co.kr/wd/347870,네오심플릭스,경력 2-5년,합격보상금 100만원
https://www.wanted.co.kr/wd/374774,포에버파트너스,신입 이상,합격보상금 100만원
https://www.wanted.co.kr/wd/336343,루디멘터리,경력 1-10년,합격보상금 100만원
https://www.wanted.co.kr/wd/377254,메가스터디교육,신입-경력 7년,합격보상금 100만원
https://www.wanted.co.kr/wd/338157,콘센트릭스서비스코리아,경력 10년 이상,합격보상금 100만원
https://www.wanted.co.kr/wd/358219,채널코퍼레이션,경력 3-8년,합격보상금 100만원
https://www.wanted.co.kr/wd/378631,헥스에이아이,신입,합격보상금 100만원
https://www.wanted.co.kr/wd/349421,와이톤,신입 이상,합격보상금 100만원
https://www.wanted.co.kr/wd/370114,팹(PAP),신입-경력 5년,합격보상금 100만원
https://www.wanted.co.kr/wd/325404,플로우닉스,경력 7년 이상,합격보상금 100만원
https://www.wanted.co.kr/wd/376496,에이베러,경력 3년 이상,합격보상금 100만원
https://www.wanted.co.kr/wd/367979,앱솔브랩(셀리맥스),경력 3-5년,합격보상금 100만원
https://www.wanted.co.kr/wd/372856,리스마케팅,경력 1-5년,합격보상금 100만원
https://www.wanted.co.kr/wd/367572,아트라미,경력 7-14년,합격보상금 100만원
https://www.wanted.co.kr/wd/377168,모티바코리아,경력 3-5년,합격보상금 100만원
https://www.wanted.co.kr/wd/378940,네오커스,경력 1-3년,합격보상금 100만원
https://www.wanted.co.kr/wd/366889,멥스젠,경력 4-12년,합격보상금 100만원
https://www.wanted.co.kr/wd/370393,드림에이지,경력 3년 이상,합격보상금 100만원
https://www.wanted.co.kr/wd/371524,렌트리,경력 3-8년,합격보상금 100만원
https://www.wanted.co.kr/wd/375384,비브라토,경력 3-8년,합격보상금 100만원
https://www.wanted.co.kr/wd/374685,셀로라,신입,합격보상금 100만원
https://www.wanted.co.kr/wd/377162,모티바코리아,신입-경력 3년,합격보상금 100만원
https://www.wanted.co.kr/wd/136603,누아,신입-경력 5년,합격보상금 100만원
https://www.wanted.co.kr/wd/372378,삼양식품,경력 7-11년,합격보상금 100만원
https://www.wanted.co.kr/wd/338449,와이어트,경력 4-9년,합격보상금 100만원
https://www.wanted.co.kr/wd/374506,비브레스트,경력 2년 이상,합격보상금 100만원
https://www.wanted.co.kr/wd/377232,진흥테크,경력 3-15년,합격보상금 100만원
https://www.wanted.co.kr/wd/346271,플라잎,신입-경력 6년,합격보상금 100만원
https://www.wanted.co.kr/wd/364256,플랑크랩,신입,합격보상금 100만원
https://www.wanted.co.kr/wd/286566,도그지어(dogsear),경력 7-12년,합격보상금 100만원
https://www.wanted.co.kr/wd/352576,유나노텍,경력 1-10년,합격보상금 100만원
https://www.wanted.co.kr/wd/360855,에스비컴퍼니,경력 1-5년,합격보상금 100만원
https://www.wanted.co.kr/wd/363158,올리브인터내셔널,경력 3-7년,합격보상금 100만원
https://www.wanted.co.kr/wd/375648,헬로라이브,경력 1-5년,합격보상금 100만원
https://www.wanted.co.kr/wd/373389,아이파트너스코리아,경력 2-13년,합격보상금 100만원
https://www.wanted.co.kr/wd/378322,와이큐,신입-경력 8년,합격보상금 100만원
https://www.wanted.co.kr/wd/350889,케이프,경력 1-5년,합격보상금 100만원
https://www.wanted.co.kr/wd/372519,우주텍,경력 5-10년,합격보상금 100만원
https://www.wanted.co.kr/wd/363015,올투비,경력 1-5년,합격보상금 100만원
https://www.wanted.co.kr/wd/374716,넥스트챕터(NextChapter),신입 · 인턴,합격보상금 100만원
https://www.wanted.co.kr/wd/364458,하우쓰리,경력 5-11년,합격보상금 100만원
https://www.wanted.co.kr/wd/377647,티오리(Theori),경력 3년 이상,합격보상금 100만원
https://www.wanted.co.kr/wd/359453,빅인사이트,경력 5년 이상,합격보상금 100만원
https://www.wanted.co.kr/wd/373288,와이즐리컴퍼니,신입 이상,합격보상금 100만원
https://www.wanted.co.kr/wd/357614,포티투닷(42dot),경력 4년 이상,합격보상금 100만원
https://www.wanted.co.kr/wd/339232,피트,경력 5-11년,합격보상금 100만원
https://www.wanted.co.kr/wd/377889,스펙터,경력 5-10년,합격보상금 100만원
https://www.wanted.co.kr/wd/347680,스캐터랩(Scatterlab),경력 3년 이상,합격보상금 100만원
https://www.wanted.co.kr/wd/359809,와이트라이브,경력 1-5년,합격보상금 100만원
https://www.wanted.co.kr/wd/378870,지니파이,경력 5-15년,합격보상금 100만원
https://www.wanted.co.kr/wd/377963,선데이띵커,신입-경력 4년,합격보상금 100만원
https://www.wanted.co.kr/wd/369818,트러스컴퍼니,경력 3-10년,합격보상금 100만원
https://www.wanted.co.kr/wd/351109,태오앤더,신입 · 인턴,합격보상금 100만원
https://www.wanted.co.kr/wd/344426,컬리,경력 6년 이상,합격보상금 100만원
https://www.wanted.co.kr/wd/372198,스타트뷰,경력 2-10년,합격보상금 100만원
https://www.wanted.co.kr/wd/363474,넥스트챕터(NextChapter),경력 3-7년,합격보상금 100만원
https://www.wanted.co.kr/wd/232181,비욘드마케팅그룹,경력 3-10년,합격보상금 100만원
https://www.wanted.co.kr/wd/330986,플라잎,경력 5-11년,합격보상금 100만원
https://www.wanted.co.kr/wd/375938,플레이하드,신입-경력 3년,합격보상금 100만원
https://www.wanted.co.kr/wd/374569,풀림,경력 1-5년,합격보상금 100만원
https://www.wanted.co.kr/wd/376061,더페어글로벌,신입-경력 3년,합격보상금 100만원
https://www.wanted.co.kr/wd/378676,플리토,경력 3-7년,합격보상금 100만원
https://www.wanted.co.kr/wd/336348,루디멘터리,신입 · 인턴,합격보상금 100만원
https://www.wanted.co.kr/wd/378777,씨메스로보틱스,경력 3-15년,합격보상금 100만원
https://www.wanted.co.kr/wd/273779,제이엠플랜넷,경력 3-10년,합격보상금 100만원
https://www.wanted.co.kr/wd/377669,마드라스체크(플로우),신입-경력 10년,합격보상금 100만원
https://www.wanted.co.kr/wd/341113,넥스트챕터(NextChapter),경력 2-7년,합격보상금 100만원
https://www.wanted.co.kr/wd/313958,에이토즈,경력 1년 이상,합격보상금 100만원
https://www.wanted.co.kr/wd/335418,버블쉐어(BubbleShare),신입,합격보상금 100만원
https://www.wanted.co.kr/wd/377596,딥다이브,경력 2년 이상,합격보상금 100만원
https://www.wanted.co.kr/wd/375536,서북,경력 7년 이상,합격보상금 100만원
https://www.wanted.co.kr/wd/337435,씨제이올리브영(CJ올리브영),경력 4년 이상,합격보상금 100만원
https://www.wanted.co.kr/wd/374509,히든스카우트(헤드헌팅),경력 4-8년,합격보상금 100만원
https://www.wanted.co.kr/wd/375841,모노로우,신입 이상,합격보상금 100만원
https://www.wanted.co.kr/wd/367116,컨테이너스,경력 3-8년,합격보상금 100만원
https://www.wanted.co.kr/wd/310542,포티투닷(42dot),경력 2년 이상,합격보상금 100만원
https://www.wanted.co.kr/wd/363677,포티투닷(42dot),경력 4-13년,합격보상금 100만원
https://www.wanted.co.kr/wd/352291,에임드,경력 5년 이상,합격보상금 100만원
https://www.wanted.co.kr/wd/360292,올리브인터내셔널,경력 1-5년,합격보상금 100만원
https://www.wanted.co.kr/wd/371579,라이너(Liner),경력 2년 이상,합격보상금 100만원
https://www.wanted.co.kr/wd/375860,디마프,신입 · 인턴,합격보상금 100만원
https://www.wanted.co.kr/wd/366199,뮤즈라이브(Muzlive),경력 1년 이상,합격보상금 100만원
https://www.wanted.co.kr/wd/348903,에이드로,경력 3-15년,합격보상금 100만원
https://www.wanted.co.kr/wd/378493,닷밀,경력 2-4년,합격보상금 100만원
https://www.wanted.co.kr/wd/377518,플리토,경력 3-8년,합격보상금 100만원
https://www.wanted.co.kr/wd/376281,티에스랩(TSLAB),경력 1-3년,합격보상금 100만원
https://www.wanted.co.kr/wd/367375,파마리서치,경력 3-6년,합격보상금 100만원
https://www.wanted.co.kr/wd/378674,플리토,경력 3-7년,합격보상금 100만원
https://www.wanted.co.kr/wd/376782,테헤란컴퍼니그룹,경력 4년 이상,합격보상금 100만원
https://www.wanted.co.kr/wd/369117,마이리얼트립,경력 3년 이상,합격보상금 100만원
https://www.wanted.co.kr/wd/377253,차이커뮤니케이션,경력 6-8년,합격보상금 100만원
https://www.wanted.co.kr/wd/378504,뷰스컴퍼니,경력 3-8년,합격보상금 100만원
https://www.wanted.co.kr/wd/378746,데이원컴퍼니,경력 3년 이상,합격보상금 100만원
https://www.wanted.co.kr/wd/373286,와이즐리컴퍼니,신입,합격보상금 100만원
https://www.wanted.co.kr/wd/350831,두부,신입 · 인턴,합격보상금 100만원
https://www.wanted.co.kr/wd/362312,엔비디아(NVIDIA),경력 6년 이상,합격보상금 50만원
https://www.wanted.co.kr/wd/357940,브랜드지놈(BRANDGENOME),경력 3년 이상,합격보상금 100만원
https://www.wanted.co.kr/wd/375688,블리몽키즈,경력 3-7년,합격보상금 100만원
https://www.wanted.co.kr/wd/376615,씨앤씨인터내셔널,신입-경력 4년,합격보상금 100만원
https://www.wanted.co.kr/wd/375088,세븐픽쳐스,경력 1-4년,합격보상금 100만원
https://www.wanted.co.kr/wd/362663,메링,경력 1-3년,합격보상금 100만원
https://www.wanted.co.kr/wd/374987,메타(Meta),경력 8년 이상,합격보상금 50만원
https://www.wanted.co.kr/wd/359163,페리지에어로스페이스,경력 2-7년,합격보상금 100만원
https://www.wanted.co.kr/wd/366580,언더라이터,신입 · 인턴,합격보상금 100만원
https://www.wanted.co.kr/wd/374334,플렉슬,경력 4년 이상,합격보상금 100만원
https://www.wanted.co.kr/wd/368975,트렌핏,경력 1-5년 · 계약직,합격보상금 20만원
https://www.wanted.co.kr/wd/366146,티웨이브,경력 3-7년,합격보상금 100만원
https://www.wanted.co.kr/wd/371888,머스트케이,경력 5-11년,합격보상금 100만원
https://www.wanted.co.kr/wd/372209,와이즐리컴퍼니,신입 이상,합격보상금 100만원
https://www.wanted.co.kr/wd/371946,서린컴퍼니,신입,합격보상금 100만원
https://www.wanted.co.kr/wd/371837,오진상사,경력 1-9년,합격보상금 100만원
https://www.wanted.co.kr/wd/365747,히든스카우트(헤드헌팅),경력 8-15년,합격보상금 100만원
https://www.wanted.co.kr/wd/335659,앱솔브랩(셀리맥스),신입 · 인턴,합격보상금 100만원
https://www.wanted.co.kr/wd/324713,엔비티(NBT),경력 2년 이상,합격보상금 100만원
https://www.wanted.co.kr/wd/373287,와이즐리컴퍼니,신입 이상,합격보상금 100만원
https://www.wanted.co.kr/wd/367970,히든스카우트(헤드헌팅),경력 4-13년,합격보상금 100만원
https://www.wanted.co.kr/wd/373284,와이즐리컴퍼니,신입 이상,합격보상금 100만원
https://www.wanted.co.kr/wd/376244,블리츠씰,신입,합격보상금 100만원
https://www.wanted.co.kr/wd/339449,콜랩코리아,신입 · 인턴,합격보상금 100만원
https://www.wanted.co.kr/wd/361067,이너탭,경력 1-5년,합격보상금 100만원
https://www.wanted.co.kr/wd/353778,플라잎,경력 6년 이상,합격보상금 100만원
https://www.wanted.co.kr/wd/377134,이공이공,경력 1-5년,합격보상금 100만원
https://www.wanted.co.kr/wd/378957,엘씨드인터내셔널,경력 2-7년,합격보상금 100만원
https://www.wanted.co.kr/wd/209100,마하니트,경력 3-4년,합격보상금 100만원
https://www.wanted.co.kr/wd/336767,스튜디오에피소드,경력 5-8년,합격보상금 100만원
https://www.wanted.co.kr/wd/368462,아이씨티케이,경력 5-11년,합격보상금 100만원
https://www.wanted.co.kr/wd/377555,여기어때컴퍼니,경력 5-10년,합격보상금 100만원
https://www.wanted.co.kr/wd/335374,레페리(Leferi),경력 2-7년,합격보상금 100만원
https://www.wanted.co.kr/wd/331978,뮤즈라이브(Muzlive),경력 1년 이상,합격보상금 100만원
https://www.wanted.co.kr/wd/378375,리빌더에이아이(리빌더AI),경력 2-10년 · 계약직,합격보상금 20만원
https://www.wanted.co.kr/wd/376249,코스메디슨,신입-경력 4년,합격보상금 100만원
https://www.wanted.co.kr/wd/378936,레오버넷,경력 8-10년,합격보상금 100만원
https://www.wanted.co.kr/wd/376534,아이리스브라이트,경력 1년 이상,합격보상금 100만원
https://www.wanted.co.kr/wd/378283,원모어띵,경력 1-5년 · 계약직,합격보상금 20만원
https://www.wanted.co.kr/wd/330479,두오모,경력 3-7년,합격보상금 100만원
https://www.wanted.co.kr/wd/376557,아이리스브라이트,신입,합격보상금 100만원
https://www.wanted.co.kr/wd/363232,아토모스,신입 이상,합격보상금 100만원
https://www.wanted.co.kr/wd/378250,더스크랙,경력 1-10년,합격보상금 100만원
https://www.wanted.co.kr/wd/375738,에프앤엘코퍼레이션,경력 5년 이상,합격보상금 100만원
https://www.wanted.co.kr/wd/358326,제이엘인터내셔널,경력 1-5년,합격보상금 100만원
https://www.wanted.co.kr/wd/373623,쿼터풀,경력 1-5년,합격보상금 100만원
https://www.wanted.co.kr/wd/373049,아이씨티케이,경력 5-10년,합격보상금 100만원
https://www.wanted.co.kr/wd/325200,엘리펀트컴퍼니,경력 2-7년,합격보상금 100만원
https://www.wanted.co.kr/wd/362084,덱스터크레마,경력 1-4년,합격보상금 100만원
https://www.wanted.co.kr/wd/360807,샘서울,경력 1-8년,합격보상금 100만원
https://www.wanted.co.kr/wd/358174,일레븐,경력 3년 이상,합격보상금 100만원
https://www.wanted.co.kr/wd/362517,미래시그널,경력 3-10년,합격보상금 100만원
https://www.wanted.co.kr/wd/378467,덴트올로지,신입,합격보상금 100만원
https://www.wanted.co.kr/wd/351848,뮤즈라이브(Muzlive),신입,합격보상금 100만원
https://www.wanted.co.kr/wd/367996,힐리언스코어운동센터,경력 1-5년,합격보상금 100만원
https://www.wanted.co.kr/wd/376106,더게임,경력 3-8년,합격보상금 100만원
https://www.wanted.co.kr/wd/370673,제네시스랩,경력 1-5년,합격보상금 100만원
https://www.wanted.co.kr/wd/375312,쿼터풀,신입,합격보상금 100만원
https://www.wanted.co.kr/wd/374370,더블유캠프,신입,합격보상금 100만원
https://www.wanted.co.kr/wd/376609,아마존(Amazon),경력 8년 이상,합격보상금 50만원
https://www.wanted.co.kr/wd/353444,더굿원컴퍼니,신입 · 인턴,합격보상금 100만원
https://www.wanted.co.kr/wd/372517,우주텍,경력 5-10년,합격보상금 100만원
https://www.wanted.co.kr/wd/371245,제네시스랩,경력 1년 이상,합격보상금 100만원
https://www.wanted.co.kr/wd/356438,엔라이즈(NLIZE),경력 3-8년,합격보상금 100만원
https://www.wanted.co.kr/wd/279913,리인벤팅,경력 3-5년,합격보상금 100만원
https://www.wanted.co.kr/wd/374378,더블유캠프,신입,합격보상금 100만원
https://www.wanted.co.kr/wd/362809,원셀프월드,경력 3-8년,합격보상금 100만원
https://www.wanted.co.kr/wd/315644,올클래드,경력 3년 이상,합격보상금 100만원
https://www.wanted.co.kr/wd/374873,림앤코,경력 3-6년,합격보상금 100만원
https://www.wanted.co.kr/wd/369688,아이씨티케이,경력 10-15년,합격보상금 100만원
https://www.wanted.co.kr/wd/373053,아이씨티케이,경력 5-15년,합격보상금 100만원
https://www.wanted.co.kr/wd/373768,도모(DOMO),경력 2-5년,합격보상금 100만원
https://www.wanted.co.kr/wd/348291,모레,경력 2년 이상,합격보상금 100만원
https://www.wanted.co.kr/wd/375902,포스탠다드,경력 2년 이상,합격보상금 100만원
https://www.wanted.co.kr/wd/373042,아이씨티케이,경력 12-19년,합격보상금 100만원
https://www.wanted.co.kr/wd/378417,똑똑한개발자,경력 1-5년 · 계약직,합격보상금 20만원
https://www.wanted.co.kr/wd/368516,클래스101(Class101),신입 · 인턴,합격보상금 100만원
https://www.wanted.co.kr/wd/378205,에스티씨랩(STCLab),경력 5년 이상,합격보상금 100만원
https://www.wanted.co.kr/wd/374526,리시드,경력 1-8년,합격보상금 100만원
https://www.wanted.co.kr/wd/376214,포티파이,경력 5년 이상,합격보상금 100만원
https://www.wanted.co.kr/wd/377217,사소한것들,경력 2-7년,합격보상금 100만원
https://www.wanted.co.kr/wd/373481,유모스원,경력 4년 이상,합격보상금 100만원
https://www.wanted.co.kr/wd/342417,메라키플레이스,경력 3-10년,합격보상금 100만원
https://www.wanted.co.kr/wd/375898,포스탠다드,경력 2년 이상,합격보상금 100만원
https://www.wanted.co.kr/wd/379074,그린라이트그룹,경력 3-8년,합격보상금 100만원
https://www.wanted.co.kr/wd/338489,메이크디,경력 5-8년,합격보상금 100만원
https://www.wanted.co.kr/wd/373214,테라퓨젠바이오,경력 4-10년,합격보상금 100만원
https://www.wanted.co.kr/wd/365528,스피커블,경력 2년 이상,합격보상금 100만원
https://www.wanted.co.kr/wd/376528,바비톡,경력 3년 이상,합격보상금 100만원
https://www.wanted.co.kr/wd/376535,사각코퍼레이션,신입,합격보상금 100만원
https://www.wanted.co.kr/wd/351053,제이디티씨,경력 3년 이상,합격보상금 100만원
https://www.wanted.co.kr/wd/372912,고릴라디스트릭트,경력 2-6년,합격보상금 100만원
https://www.wanted.co.kr/wd/375442,히든스카우트(헤드헌팅),경력 7-15년,합격보상금 100만원
https://www.wanted.co.kr/wd/359900,모두의연구소,경력 1-5년 · 계약직,합격보상금 20만원
https://www.wanted.co.kr/wd/348651,블리츠씰,신입-경력 5년,합격보상금 100만원
https://www.wanted.co.kr/wd/363299,허니플랜트,경력 3-10년,합격보상금 100만원
https://www.wanted.co.kr/wd/377011,풀림,경력 1-5년,합격보상금 100만원
https://www.wanted.co.kr/wd/377715,레오버넷,경력 7-11년,합격보상금 100만원
https://www.wanted.co.kr/wd/375779,팀오투(카모아),경력 2-4년,합격보상금 100만원
https://www.wanted.co.kr/wd/375789,에고이즘,경력 3-11년,합격보상금 100만원
https://www.wanted.co.kr/wd/376430,원셀프월드,경력 3-7년,합격보상금 100만원
https://www.wanted.co.kr/wd/364235,디에스오토네트웍스,경력 3-8년,합격보상금 100만원
https://www.wanted.co.kr/wd/378284,에이에스엑스컴퍼니,경력 1-5년,합격보상금 100만원
https://www.wanted.co.kr/wd/353213,지니언스,경력 5-10년,합격보상금 100만원
https://www.wanted.co.kr/wd/362858,오알엔피,신입 · 인턴,합격보상금 100만원
https://www.wanted.co.kr/wd/379090,아마존(Amazon),경력 2년 이상,합격보상금 50만원
https://www.wanted.co.kr/wd/365555,아이씨티케이,경력 15-29년,합격보상금 100만원
https://www.wanted.co.kr/wd/361233,이공이공,경력 1-9년,합격보상금 100만원
https://www.wanted.co.kr/wd/354197,뷰티셀렉션,경력 1-6년,합격보상금 100만원
https://www.wanted.co.kr/wd/372964,씨제이올리브영(CJ올리브영),경력 5년 이상,합격보상금 100만원
https://www.wanted.co.kr/wd/324589,안앤케이글로벌,경력 3년 이상,합격보상금 100만원
https://www.wanted.co.kr/wd/343321,페이타랩(패스오더),경력 5-20년,합격보상금 100만원
https://www.wanted.co.kr/wd/378321,와이큐,경력 3-9년,합격보상금 100만원
https://www.wanted.co.kr/wd/379108,엑스에이아이 (xAI),신입 이상,합격보상금 50만원
https://www.wanted.co.kr/wd/351845,뮤즈라이브(Muzlive),경력 1-3년,합격보상금 100만원
https://www.wanted.co.kr/wd/371236,유모스원,경력 5-11년,합격보상금 100만원
https://www.wanted.co.kr/wd/375780,팀오투(카모아),경력 1-4년,합격보상금 100만원
https://www.wanted.co.kr/wd/375315,오피앤,경력 3-5년,합격보상금 100만원
https://www.wanted.co.kr/wd/373040,레오버넷,경력 5-9년,합격보상금 100만원
https://www.wanted.co.kr/wd/367140,커버링,경력 4-7년,합격보상금 100만원
https://www.wanted.co.kr/wd/293441,위하이어(we-higher),경력 2년 이상 · 계약직,합격보상금 20만원
https://www.wanted.co.kr/wd/368469,스캐터랩(Scatterlab),경력 3년 이상,합격보상금 100만원
https://www.wanted.co.kr/wd/378489,더스크랙,경력 1-5년,합격보상금 100만원
https://www.wanted.co.kr/wd/368199,스위트스팟(SweetSpot),경력 3-7년,합격보상금 100만원
https://www.wanted.co.kr/wd/344580,티지소사이어티,신입 · 인턴,합격보상금 100만원
https://www.wanted.co.kr/wd/371790,엠얼라이언스,경력 6-12년,합격보상금 100만원
https://www.wanted.co.kr/wd/105923,페이타랩(패스오더),경력 3-10년,합격보상금 100만원
https://www.wanted.co.kr/wd/305712,비마이프렌즈,경력 5년 이상,합격보상금 100만원
https://www.wanted.co.kr/wd/377120,신세계인터내셔날,신입-경력 10년 · 계약직,합격보상금 20만원
https://www.wanted.co.kr/wd/304736,부동산플래닛,경력 5-14년,합격보상금 100만원
https://www.wanted.co.kr/wd/373686,아이리스브라이트,신입,합격보상금 100만원
https://www.wanted.co.kr/wd/373442,앱솔브랩(셀리맥스),경력 2년 이상,합격보상금 100만원
https://www.wanted.co.kr/wd/371266,비마이마케터,경력 1-5년,합격보상금 100만원
https://www.wanted.co.kr/wd/370702,씽크앤플로우,경력 5-7년,합격보상금 100만원
https://www.wanted.co.kr/wd/355169,티엠컴퍼니,경력 2년 이상,합격보상금 100만원
https://www.wanted.co.kr/wd/325032,아인잡(AINJOB),경력 3-6년,합격보상금 100만원
https://www.wanted.co.kr/wd/378664,큐엠아이티,경력 4-10년,합격보상금 100만원
https://www.wanted.co.kr/wd/374867,스튜디오그로우,경력 1-5년,합격보상금 100만원
https://www.wanted.co.kr/wd/379111,가딘미디어,신입 이상 · 계약직,합격보상금 20만원
https://www.wanted.co.kr/wd/335587,안앤케이글로벌,경력 2년 이상,합격보상금 100만원
https://www.wanted.co.kr/wd/370249,인포시즈,경력 4년 이상,합격보상금 100만원
https://www.wanted.co.kr/wd/369661,피처링(FeaturingCorp.),경력 1-5년,합격보상금 100만원
https://www.wanted.co.kr/wd/362065,올리브인터내셔널,경력 1년 이상,합격보상금 100만원
https://www.wanted.co.kr/wd/340579,와이즐리컴퍼니,경력 7년 이상,합격보상금 100만원
https://www.wanted.co.kr/wd/375731,팀스파르타,경력 2-5년,합격보상금 100만원
https://www.wanted.co.kr/wd/370056,111퍼센트,경력 3년 이상,합격보상금 100만원
https://www.wanted.co.kr/wd/363473,디텍트,경력 8-15년,합격보상금 100만원
https://www.wanted.co.kr/wd/378232,파인더갭,경력 5-11년,합격보상금 100만원
https://www.wanted.co.kr/wd/351211,커넥트웨이브,경력 3-7년,합격보상금 100만원
https://www.wanted.co.kr/wd/286624,제이포디,경력 1-5년,합격보상금 100만원
https://www.wanted.co.kr/wd/357272,엑스에이아이 (xAI),신입 이상,합격보상금 50만원
https://www.wanted.co.kr/wd/361208,두호컴퍼니,신입-경력 3년,합격보상금 100만원
https://www.wanted.co.kr/wd/359897,이노그리드,경력 1년 이상,합격보상금 100만원
https://www.wanted.co.kr/wd/369678,에이치티비욘드,경력 3-8년,합격보상금 100만원
https://www.wanted.co.kr/wd/373470,유모스원,경력 8-16년,합격보상금 100만원
https://www.wanted.co.kr/wd/367527,포스탠다드,경력 6-10년,합격보상금 100만원
https://www.wanted.co.kr/wd/375528,베르하우스,경력 5-11년,합격보상금 100만원
https://www.wanted.co.kr/wd/368843,티큐어,경력 5-13년,합격보상금 100만원
https://www.wanted.co.kr/wd/371069,카카오페이증권(kakaopay증권),경력 7년 이상,합격보상금 100만원
https://www.wanted.co.kr/wd/373924,메가스터디교육,경력 2-7년 · 계약직,합격보상금 20만원
https://www.wanted.co.kr/wd/369918,월터워커,경력 2-5년,합격보상금 100만원
https://www.wanted.co.kr/wd/332285,핀다(FINDA),경력 7년 이상,합격보상금 100만원
https://www.wanted.co.kr/wd/70506,페이타랩(패스오더),신입-경력 3년,합격보상금 100만원
https://www.wanted.co.kr/wd/356405,프레드(FRED),경력 3-7년,합격보상금 100만원
https://www.wanted.co.kr/wd/378394,히든스카우트(헤드헌팅),경력 1-4년,합격보상금 100만원
https://www.wanted.co.kr/wd/361559,온누리커뮤니케이션,경력 1-5년,합격보상금 100만원
https://www.wanted.co.kr/wd/330377,리빌더에이아이(리빌더AI),경력 3-10년,합격보상금 100만원
https://www.wanted.co.kr/wd/356187,공오,경력 2년 이상,합격보상금 100만원
https://www.wanted.co.kr/wd/263073,스캐터랩(Scatterlab),경력 3년 이상,합격보상금 100만원
https://www.wanted.co.kr/wd/299746,그린재킷,경력 3년 이상,합격보상금 100만원
https://www.wanted.co.kr/wd/336826,프리펀컴퍼니,경력 2-4년,합격보상금 100만원
https://www.wanted.co.kr/wd/365400,메라키플레이스,경력 3-10년,합격보상금 100만원
https://www.wanted.co.kr/wd/373658,더핑크퐁컴퍼니(The Pinkfong Company),신입 · 인턴,합격보상금 100만원
https://www.wanted.co.kr/wd/368142,메라키플레이스,경력 7-15년,합격보상금 100만원
https://www.wanted.co.kr/wd/372540,더블유컨셉코리아(W컨셉),경력 5년 이상,합격보상금 100만원
https://www.wanted.co.kr/wd/317145,브이티코스메틱,경력 1년 이상,합격보상금 100만원
https://www.wanted.co.kr/wd/365037,플레어랩스,경력 3-15년,합격보상금 100만원
https://www.wanted.co.kr/wd/342409,메라키플레이스,경력 3-10년,합격보상금 100만원
https://www.wanted.co.kr/wd/113995,엠케이로드,경력 1-8년,합격보상금 100만원
https://www.wanted.co.kr/wd/315880,틸다,신입 · 인턴,합격보상금 100만원
https://www.wanted.co.kr/wd/377533,블리몽키즈,경력 1-5년,합격보상금 100만원
https://www.wanted.co.kr/wd/373611,티아이에스홀딩스,경력 1-10년 · 계약직,합격보상금 20만원
https://www.wanted.co.kr/wd/335998,이삼오구,경력 1-7년,합격보상금 100만원
https://www.wanted.co.kr/wd/368460,아이씨티케이,경력 10-15년,합격보상금 100만원
https://www.wanted.co.kr/wd/372926,메가스터디교육,경력 4-10년,합격보상금 100만원
https://www.wanted.co.kr/wd/193805,아인잡(AINJOB),경력 4-10년,합격보상금 100만원
https://www.wanted.co.kr/wd/301114,플래티어,경력 3-8년,합격보상금 100만원
https://www.wanted.co.kr/wd/373139,에이비티아시아,경력 2년 이상,합격보상금 100만원
https://www.wanted.co.kr/wd/377111,아마존(Amazon),경력 6년 이상,합격보상금 50만원
https://www.wanted.co.kr/wd/368940,뉴버리스트리트,경력 2-7년,합격보상금 100만원
https://www.wanted.co.kr/wd/372981,마드라스체크(플로우),경력 2-7년,합격보상금 100만원
https://www.wanted.co.kr/wd/377622,피처링(FeaturingCorp.),경력 4년 이상,합격보상금 100만원
https://www.wanted.co.kr/wd/377820,매드업,경력 1년 이상,합격보상금 100만원
https://www.wanted.co.kr/wd/374455,머큐리프로젝트,경력 5-7년,합격보상금 100만원
https://www.wanted.co.kr/wd/372997,메저커머스,신입-경력 5년,합격보상금 100만원
https://www.wanted.co.kr/wd/370027,아이씨티케이,경력 4-10년,합격보상금 100만원
https://www.wanted.co.kr/wd/312972,퍼슬리,경력 3-8년,합격보상금 100만원
https://www.wanted.co.kr/wd/375878,리디(RIDI),신입-경력 3년 · 계약직,합격보상금 20만원
https://www.wanted.co.kr/wd/377194,키다리스튜디오,경력 5-10년,합격보상금 100만원
https://www.wanted.co.kr/wd/325410,플로우닉스,경력 1-5년,합격보상금 100만원
https://www.wanted.co.kr/wd/374935,올리브인터내셔널,경력 3-7년,합격보상금 100만원
https://www.wanted.co.kr/wd/375512,페블스퀘어,경력 8년 이상,합격보상금 100만원
https://www.wanted.co.kr/wd/366566,믿는구석,경력 3-8년,합격보상금 100만원
https://www.wanted.co.kr/wd/374382,팜에이스,경력 3-7년,합격보상금 100만원
https://www.wanted.co.kr/wd/368127,스킨이데아,경력 5년 이상,합격보상금 100만원
https://www.wanted.co.kr/wd/374498,비브레스트,경력 3년 이상,합격보상금 100만원
https://www.wanted.co.kr/wd/356955,알엑스,신입,합격보상금 100만원
https://www.wanted.co.kr/wd/374222,케이시크릿,경력 5-15년,합격보상금 100만원
https://www.wanted.co.kr/wd/367070,어댑트(adaptInc.),경력 2-5년,합격보상금 100만원
https://www.wanted.co.kr/wd/376627,링크알파(LinqAlpha),경력 5년 이상,합격보상금 100만원
https://www.wanted.co.kr/wd/357972,투모로로보틱스,신입-경력 6년,합격보상금 100만원
https://www.wanted.co.kr/wd/376927,마드라스체크(플로우),신입-경력 5년,합격보상금 100만원
https://www.wanted.co.kr/wd/349425,와이톤,신입-경력 3년,합격보상금 100만원
https://www.wanted.co.kr/wd/266648,큐레이터스,경력 3-10년,합격보상금 100만원
https://www.wanted.co.kr/wd/378085,팀스파르타,경력 3년 이상,합격보상금 100만원
https://www.wanted.co.kr/wd/377441,웨이센(waycenInc.),경력 3-8년,합격보상금 100만원
https://www.wanted.co.kr/wd/370751,롯데카드,경력 5년 이상 · 계약직,합격보상금 20만원
https://www.wanted.co.kr/wd/362027,씨이랩,경력 3년 이상,합격보상금 100만원
https://www.wanted.co.kr/wd/372261,씨이랩,경력 3년 이상,합격보상금 100만원
https://www.wanted.co.kr/wd/367119,앳홈트립,신입-경력 7년,합격보상금 100만원
https://www.wanted.co.kr/wd/356722,애플(Apple),경력 12년 이상,합격보상금 50만원
https://www.wanted.co.kr/wd/366848,엠와이오(어덴비),신입 이상,합격보상금 100만원
https://www.wanted.co.kr/wd/286689,엑소시스템즈,신입-경력 3년,합격보상금 100만원
https://www.wanted.co.kr/wd/369638,파이오링크,경력 2년 이상,합격보상금 100만원
https://www.wanted.co.kr/wd/378260,딥스킬,경력 1-10년,합격보상금 100만원
https://www.wanted.co.kr/wd/338472,마이페어,신입-경력 4년,합격보상금 100만원
https://www.wanted.co.kr/wd/375966,실비아헬스,경력 1-5년,합격보상금 100만원
https://www.wanted.co.kr/wd/282089,블루타이거,신입-경력 10년,합격보상금 100만원
https://www.wanted.co.kr/wd/375160,모티바코리아,경력 4-8년,합격보상금 100만원
https://www.wanted.co.kr/wd/373541,스캐터랩(Scatterlab),경력 5년 이상,합격보상금 100만원
https://www.wanted.co.kr/wd/377871,워케이션,경력 3-8년,합격보상금 100만원
https://www.wanted.co.kr/wd/375464,테슬라(Tesla),경력 3년 이상,합격보상금 50만원
https://www.wanted.co.kr/wd/376062,루트로닉,경력 3년 이상,합격보상금 100만원
https://www.wanted.co.kr/wd/307348,폴센트,신입 · 인턴,합격보상금 100만원
https://www.wanted.co.kr/wd/351956,이트어스,경력 3-10년,합격보상금 100만원
https://www.wanted.co.kr/wd/268215,스캐터랩(Scatterlab),경력 3-10년,합격보상금 100만원
https://www.wanted.co.kr/wd/367294,위시스트,신입-경력 5년,합격보상금 100만원
https://www.wanted.co.kr/wd/374570,아이엔젤,경력 1-3년,합격보상금 100만원
https://www.wanted.co.kr/wd/366804,멥스젠,경력 2-9년,합격보상금 100만원
https://www.wanted.co.kr/wd/374456,머큐리프로젝트,경력 5-7년,합격보상금 100만원
https://www.wanted.co.kr/wd/369910,컨테이너스,경력 2-7년,합격보상금 100만원
https://www.wanted.co.kr/wd/366412,모스포츠,경력 2-5년,합격보상금 100만원
https://www.wanted.co.kr/wd/350884,케이프,신입 · 인턴,합격보상금 100만원
https://www.wanted.co.kr/wd/372166,메가스터디교육,경력 1-5년,합격보상금 100만원
https://www.wanted.co.kr/wd/371441,그래비티랩스,경력 3-8년,합격보상금 100만원
https://www.wanted.co.kr/wd/369950,큐레이터스,경력 3-10년,합격보상금 100만원
https://www.wanted.co.kr/wd/347211,하이너,경력 3-10년,합격보상금 100만원
https://www.wanted.co.kr/wd/378513,더페어글로벌,신입-경력 3년,합격보상금 100만원
https://www.wanted.co.kr/wd/378352,메이킷올(MAKEITALL),신입 · 인턴,합격보상금 100만원
https://www.wanted.co.kr/wd/317156,오버데어코리아,경력 5년 이상,합격보상금 100만원
https://www.wanted.co.kr/wd/371057,Electronic Arts Korea (EA Korea),경력 5-10년,합격보상금 100만원
https://www.wanted.co.kr/wd/373816,케이티밀리의서재,경력 5-12년,합격보상금 100만원
https://www.wanted.co.kr/wd/342402,메라키플레이스,경력 3-10년,합격보상금 100만원
https://www.wanted.co.kr/wd/358995,아임웹,경력 3-8년,합격보상금 100만원
https://www.wanted.co.kr/wd/369478,스캐터랩(Scatterlab),경력 4년 이상,합격보상금 100만원
https://www.wanted.co.kr/wd/93806,코딧(CODITCorp.),경력 5-7년,합격보상금 100만원
https://www.wanted.co.kr/wd/356710,애플(Apple),경력 3년 이상,합격보상금 50만원
https://www.wanted.co.kr/wd/376997,이닛컴퍼니,경력 1-5년,합격보상금 100만원
https://www.wanted.co.kr/wd/330427,와이톤,경력 2-10년,합격보상금 100만원
https://www.wanted.co.kr/wd/289347,아이헤이트플라잉버그스,경력 5년 이상,합격보상금 100만원
https://www.wanted.co.kr/wd/332086,클래스101(Class101),신입-경력 4년,합격보상금 100만원
https://www.wanted.co.kr/wd/363700,화이트큐브,경력 1-3년,합격보상금 100만원
https://www.wanted.co.kr/wd/372773,비하베스트,경력 1-10년,합격보상금 100만원
https://www.wanted.co.kr/wd/376808,울리스(Woolies),경력 2-7년,합격보상금 100만원
https://www.wanted.co.kr/wd/370995,오드리서울,경력 5-8년,합격보상금 100만원
https://www.wanted.co.kr/wd/378245,더스크랙,경력 1-5년,합격보상금 100만원
https://www.wanted.co.kr/wd/376261,쿠팡,경력 3-8년,합격보상금 100만원
https://www.wanted.co.kr/wd/368429,아워코퍼레이션,경력 4-9년,합격보상금 100만원
https://www.wanted.co.kr/wd/368422,프렌트립(프립),신입-경력 4년,합격보상금 100만원
https://www.wanted.co.kr/wd/375472,테슬라(Tesla),경력 3년 이상,합격보상금 50만원
https://www.wanted.co.kr/wd/367573,아트라미,경력 2-7년,합격보상금 100만원
https://www.wanted.co.kr/wd/378427,엠얼라이언스,경력 7-15년,합격보상금 100만원
https://www.wanted.co.kr/wd/369135,청림인베스트,신입-경력 4년,합격보상금 100만원
https://www.wanted.co.kr/wd/325961,넥스트챕터(NextChapter),신입 · 인턴,합격보상금 100만원
https://www.wanted.co.kr/wd/376278,여기어때컴퍼니,경력 3-7년,합격보상금 100만원
https://www.wanted.co.kr/wd/368261,리브포워드,경력 3-8년,합격보상금 100만원
https://www.wanted.co.kr/wd/378500,메가스터디교육,신입-경력 8년,합격보상금 100만원
https://www.wanted.co.kr/wd/368423,스캐터랩(Scatterlab),경력 3년 이상,합격보상금 100만원
https://www.wanted.co.kr/wd/371588,울리스(Woolies),경력 3-10년,합격보상금 100만원
https://www.wanted.co.kr/wd/375875,메라키플레이스,경력 7-15년,합격보상금 100만원
https://www.wanted.co.kr/wd/348442,픽셀그로스,경력 3년 이상,합격보상금 100만원
https://www.wanted.co.kr/wd/339747,"브레이브모바일(숨고,Soomgo)",경력 8년 이상,합격보상금 100만원
https://www.wanted.co.kr/wd/337630,베타디파트먼트,경력 2-5년,합격보상금 100만원
https://www.wanted.co.kr/wd/377233,키스네일프러덕츠인크(영업소),경력 3-12년,합격보상금 100만원
https://www.wanted.co.kr/wd/279133,블루타이거,경력 2-7년,합격보상금 100만원
https://www.wanted.co.kr/wd/371587,울리스(Woolies),경력 3년 · 계약직,합격보상금 20만원
https://www.wanted.co.kr/wd/374596,브레이커스,경력 1-10년,합격보상금 100만원
https://www.wanted.co.kr/wd/360369,스페이스비전에이아이,경력 3-12년,합격보상금 100만원
https://www.wanted.co.kr/wd/377346,비큐에이아이,경력 3-10년,합격보상금 100만원
https://www.wanted.co.kr/wd/371431,제틱에이아이,경력 3-6년,합격보상금 100만원
https://www.wanted.co.kr/wd/375796,오픈소스컨설팅,경력 5-18년,합격보상금 100만원
https://www.wanted.co.kr/wd/370463,라우프,경력 7-15년,합격보상금 100만원
https://www.wanted.co.kr/wd/367737,히든스카우트(헤드헌팅),경력 5-13년,합격보상금 100만원
https://www.wanted.co.kr/wd/378363,비바웨이브(hince),신입 · 인턴,합격보상금 100만원
https://www.wanted.co.kr/wd/349413,클로버추얼패션(CLOVirtualFashion),경력 7-14년,합격보상금 100만원
https://www.wanted.co.kr/wd/376066,드림어스컴퍼니,경력 3년 이상,합격보상금 100만원
https://www.wanted.co.kr/wd/255370,버티컬바,경력 5-10년,합격보상금 100만원
https://www.wanted.co.kr/wd/377517,네오다임,경력 1년 이상,합격보상금 100만원
https://www.wanted.co.kr/wd/360176,아이헤이트플라잉버그스,신입-경력 3년,합격보상금 100만원
https://www.wanted.co.kr/wd/283897,뮤직플랫,경력 1-5년,합격보상금 100만원
https://www.wanted.co.kr/wd/357069,아파트멘터리,경력 2-5년,합격보상금 100만원
https://www.wanted.co.kr/wd/357941,브랜드지놈(BRANDGENOME),경력 3년 이상,합격보상금 100만원
https://www.wanted.co.kr/wd/373844,히든스카우트(헤드헌팅),경력 5-20년,합격보상금 100만원
https://www.wanted.co.kr/wd/377195,사소한것들,경력 2-7년,합격보상금 100만원
https://www.wanted.co.kr/wd/364431,제너시스비비큐(BBQ),경력 4-10년,합격보상금 100만원
https://www.wanted.co.kr/wd/369419,씨앤씨인터내셔널,경력 3-5년,합격보상금 100만원
https://www.wanted.co.kr/wd/378353,메이킷올(MAKEITALL),경력 1-3년,합격보상금 100만원
https://www.wanted.co.kr/wd/377674,바인드,경력 3-7년,합격보상금 100만원
https://www.wanted.co.kr/wd/377288,아라마크,경력 10-25년,합격보상금 100만원
https://www.wanted.co.kr/wd/369246,부스트랩,경력 3년 이상,합격보상금 100만원
https://www.wanted.co.kr/wd/374009,마드라스체크(플로우),신입-경력 3년,합격보상금 100만원
https://www.wanted.co.kr/wd/365553,아이씨티케이,경력 5-15년,합격보상금 100만원
https://www.wanted.co.kr/wd/378219,밀버스,경력 7-12년,합격보상금 100만원
https://www.wanted.co.kr/wd/376353,휴먼컨설팅그룹,경력 5-8년,합격보상금 100만원
https://www.wanted.co.kr/wd/357414,테슬라(Tesla),경력 2년 이상,합격보상금 50만원
https://www.wanted.co.kr/wd/376044,올리브인터내셔널,경력 5년 이상,합격보상금 100만원
https://www.wanted.co.kr/wd/373092,헤리트,경력 5-9년,합격보상금 100만원
https://www.wanted.co.kr/wd/349433,굿파이터즈이엔티,경력 2-7년,합격보상금 100만원
https://www.wanted.co.kr/wd/361793,컬리,경력 8년 이상,합격보상금 100만원
https://www.wanted.co.kr/wd/377046,미리내AI,신입 · 인턴,합격보상금 100만원
https://www.wanted.co.kr/wd/375298,데이원컴퍼니,경력 2-5년,합격보상금 100만원
https://www.wanted.co.kr/wd/364657,에이베러,경력 3년 이상,합격보상금 100만원
https://www.wanted.co.kr/wd/377689,하이퍼커넥트,경력 4-7년,합격보상금 100만원
https://www.wanted.co.kr/wd/369716,그루컴퍼니,경력 1-5년,합격보상금 100만원
https://www.wanted.co.kr/wd/348196,해피랜드코퍼레이션,경력 7-20년,합격보상금 100만원
https://www.wanted.co.kr/wd/336888,모도그로브,경력 2년 이상,합격보상금 100만원
https://www.wanted.co.kr/wd/344760,와이즐리컴퍼니,경력 2년 이상,합격보상금 100만원
https://www.wanted.co.kr/wd/372125,아르템코퍼레이션,경력 3년 이상,합격보상금 100만원
https://www.wanted.co.kr/wd/378798,씨제이올리브영(CJ올리브영),경력 1년 이상 · 계약직,합격보상금 20만원
https://www.wanted.co.kr/wd/326399,대일시스템,경력 1-5년,합격보상금 100만원
https://www.wanted.co.kr/wd/354219,하이퍼이지,신입-경력 4년,합격보상금 100만원
https://www.wanted.co.kr/wd/249771,이니바이오,경력 1년 이상,합격보상금 100만원
https://www.wanted.co.kr/wd/371733,버틀러,경력 3년 이상,합격보상금 100만원
https://www.wanted.co.kr/wd/349482,큐피스트(글램),경력 5-11년,합격보상금 100만원
https://www.wanted.co.kr/wd/236083,큐레이터스,경력 3-10년,합격보상금 100만원
https://www.wanted.co.kr/wd/364642,케이즈,경력 4-10년,합격보상금 100만원
https://www.wanted.co.kr/wd/365397,에스케이렌터카(SK렌터카),신입,합격보상금 100만원
